0,	3740,	2,	6,	997016165,	997016165,	997144218,	997162404,	997162404,	997162456,		857987792,	857987792,	857987826,	857987841,		
1,	4761,	2,	5,	997082831,	997162475,	997177024,	997182660,	997182660,	997182706,		858020457,	858020457,	858027697,	858027713,		
2,	1997,	2,	2,	997149497,	997182721,	997210186,	997217325,	997217326,	997217381,		858053796,	858053796,	858057025,	858057071,		
3,	1184,	2,	2,	997216163,	997217406,	997243607,	997250041,	997250041,	997250095,		858086463,	858086463,	858089609,	858089620,		
4,	8772,	2,	9,	997282829,	997283376,	997285162,	997292654,	997292654,	997292717,		858128761,	858128762,	858131061,	858131071,		
5,	3466,	2,	4,	997349495,	997349638,	997353594,	997362802,	997362802,	997362861,		858196497,	858196497,	858199739,	858199749,		
6,	2391,	2,	3,	997416161,	997416240,	997418075,	997422357,	997422358,	997422411,		858260880,	858260880,	858263554,	858263566,		
7,	11654,	2,	12,	997482827,	997483305,	997485184,	997490623,	997490623,	997490684,		858328766,	858328766,	858331173,	858331183,		
8,	4710,	2,	5,	997549493,	997550012,	997553061,	997563158,	997563158,	997563216,		858396536,	858396536,	858399996,	858400033,		
9,	4051,	2,	4,	997616159,	997616216,	997619268,	997627967,	997627967,	997628063,		858462149,	858462149,	858464975,	858464986,		
10,	6820,	2,	7,	997682825,	997683639,	997685191,	997692174,	997692174,	997692249,		858527989,	858527989,	858530675,	858530685,		
11,	3605,	2,	4,	997749491,	997750080,	997752055,	997757330,	997757330,	997757392,		858595059,	858595059,	858598626,	858598639,		
12,	3704,	2,	4,	997816157,	997817168,	997818727,	997828118,	997828118,	997828182,		858661811,	858661811,	858664493,	858664504,		
13,	5459,	2,	6,	997882823,	997883034,	997884483,	997888982,	997888982,	997889022,		858727791,	858727791,	858730589,	858730599,		
14,	2719,	2,	3,	997949489,	997949707,	997951148,	997955082,	997955082,	997955141,		858793978,	858793978,	858796921,	858796932,		
15,	2428,	2,	3,	998016155,	998016654,	998018035,	998022405,	998022405,	998022451,		858861118,	858861118,	858863713,	858863724,		
16,	4650,	2,	5,	998082821,	998083014,	998084491,	998089564,	998089564,	998089621,		858928191,	858928191,	858931070,	858931116,		
17,	4527,	2,	5,	998149487,	998150195,	998151841,	998156254,	998156254,	998156315,		858995311,	858995311,	858998268,	858998280,		
18,	4362,	2,	5,	998216153,	998216234,	998218675,	998224589,	998224589,	998224651,		859061718,	859061718,	859064494,	859064504,		
19,	4987,	2,	5,	998282819,	998283187,	998285323,	998291133,	998291134,	998291206,		859127976,	859127976,	859130925,	859130936,		
20,	2409,	2,	3,	998349485,	998349599,	998351855,	998356742,	998356742,	998356789,		859195180,	859195180,	859198093,	859198103,		
21,	3811,	2,	4,	998416151,	998416623,	998418476,	998424174,	998424174,	998424232,		859261466,	859261466,	859264073,	859264083,		
22,	4722,	2,	5,	998482817,	998482927,	998485233,	998489675,	998489675,	998489742,		859328472,	859328472,	859331048,	859331059,		
23,	4301,	2,	5,	998549483,	998549729,	998552267,	998557789,	998557789,	998557863,		859395506,	859395506,	859398244,	859398254,		
24,	4592,	2,	5,	998616149,	998616784,	998618589,	998622740,	998622740,	998622822,		859461699,	859461699,	859464908,	859464938,		
25,	4486,	2,	5,	998682815,	998683178,	998685200,	998689372,	998689373,	998689513,		859528201,	859528201,	859530764,	859530775,		
26,	5339,	2,	6,	998749481,	998750523,	998751833,	998756152,	998756152,	998756218,		859595243,	859595243,	859597764,	859597776,		
27,	4654,	2,	5,	998816147,	998816685,	998818400,	998821648,	998821648,	998821698,		859661242,	859661243,	859663911,	859663922,		
28,	4222,	2,	5,	998882813,	998882830,	998884156,	998888171,	998888171,	998888234,		859727211,	859727211,	859729874,	859729886,		
29,	4128,	2,	5,	998949479,	998950256,	998952446,	998956618,	998956618,	998956691,		859795478,	859795478,	859798610,	859798622,		
30,	3585,	2,	4,	999016145,	999021361,	999023726,	999030556,	999030556,	999030611,		859866529,	859866529,	859869227,	859869239,		
31,	2865,	2,	3,	999082811,	999083163,	999084637,	999088378,	999088379,	999088418,		859928030,	859928030,	859930863,	859930874,		
32,	4379,	2,	5,	999149477,	999150480,	999151989,	999157427,	999157427,	999157495,		859995473,	859995473,	859997910,	859997922,		
33,	4423,	2,	5,	999216143,	999216911,	999218396,	999221685,	999221685,	999221847,		860061148,	860061148,	860063702,	860063712,		
34,	4659,	2,	5,	999282809,	999283285,	999285871,	999291115,	999291115,	999291201,		860129181,	860129181,	860131804,	860131815,		
35,	4547,	2,	5,	999349475,	999349742,	999351029,	999354058,	999354058,	999354111,		860194113,	860194113,	860196745,	860196756,		
36,	4122,	2,	5,	999416141,	999416654,	999418043,	999421334,	999421334,	999421396,		860261190,	860261190,	860263714,	860263725,		
37,	4083,	2,	4,	999482807,	999483397,	999487738,	999493863,	999493863,	999493908,		860330487,	860330487,	860333101,	860333114,		
38,	4648,	2,	5,	999549473,	999550059,	999552500,	999558019,	999558019,	999558082,		860395295,	860395295,	860397786,	860397796,		
39,	3970,	2,	4,	999616139,	999617160,	999620681,	999628202,	999628202,	999628249,		860463400,	860463401,	860465952,	860465964,		
40,	4757,	2,	5,	999682805,	999682980,	999685569,	999693015,	999693016,	999693110,		860528316,	860528316,	860530830,	860530842,		
41,	5164,	2,	6,	999749471,	999750485,	999753072,	999761336,	999761336,	999761389,		860596248,	860596248,	860598818,	860598831,		
42,	4070,	2,	4,	999816137,	999816691,	999819070,	999824469,	999824469,	999824537,		860662294,	860662294,	860665437,	860665448,		
43,	4569,	2,	5,	999882803,	999883172,	999886384,	999893164,	999893164,	999893242,		860729930,	860729930,	860732396,	860732408,		
44,	3995,	2,	4,	999949469,	999949533,	999951965,	999959090,	999959090,	999959212,		860794649,	860794649,	860797109,	860797119,		
45,	4119,	2,	5,	1000016135,	1000017071,	1000019350,	1000025172,	1000025172,	1000025221,		860862726,	860862726,	860865140,	860865178,		
46,	4112,	2,	5,	1000082801,	1000083447,	1000085634,	1000092161,	1000092161,	1000092232,		860928302,	860928302,	860930698,	860930710,		
47,	2898,	2,	3,	1000149467,	1000149580,	1000153203,	1000157137,	1000157137,	1000157201,		860996269,	860996269,	860998719,	860998731,		
48,	4879,	2,	5,	1000216133,	1000216189,	1000220246,	1000225767,	1000225767,	1000225823,		861063137,	861063137,	861065465,	861065476,		
49,	4510,	2,	5,	1000282799,	1000283810,	1000285320,	1000289880,	1000289880,	1000289948,		861128733,	861128733,	861131390,	861131400,		
50,	4324,	2,	5,	1000349465,	1000349955,	1000351997,	1000356541,	1000356541,	1000356604,		861194718,	861194718,	861197915,	861197926,		
51,	4568,	2,	5,	1000416131,	1000416501,	1000420765,	1000428181,	1000428181,	1000428235,		861264410,	861264410,	861266887,	861266898,		
52,	6010,	2,	6,	1000482797,	1000482976,	1000484361,	1000487942,	1000487942,	1000488033,		861327951,	861327951,	861330488,	861330498,		
53,	3727,	2,	4,	1000549463,	1000549734,	1000551341,	1000554853,	1000554853,	1000554908,		861395071,	861395071,	861397548,	861397560,		
54,	2976,	2,	3,	1000616129,	1000616991,	1000618804,	1000622905,	1000622906,	1000622956,		861461835,	861461835,	861464242,	861464254,		
55,	2651,	2,	3,	1000682795,	1000683506,	1000685888,	1000690661,	1000690661,	1000690723,		861528632,	861528632,	861531439,	861531450,		
56,	5051,	2,	5,	1000749461,	1000749733,	1000751110,	1000753936,	1000753936,	1000753989,		861594676,	861594676,	861597022,	861597033,		
57,	5058,	2,	5,	1000816127,	1000817192,	1000820433,	1000828087,	1000828087,	1000828185,		861663695,	861663695,	861666215,	861666227,		
58,	4660,	2,	5,	1000882793,	1000882796,	1000885210,	1000890763,	1000890763,	1000890836,		861728488,	861728488,	861731456,	861731467,		
59,	5353,	2,	6,	1000949459,	1000949613,	1000953125,	1000962273,	1000962273,	1000962354,		861796182,	861796182,	861798832,	861798844,		
60,	4462,	2,	5,	1001016125,	1001016775,	1001019607,	1001027074,	1001027075,	1001027221,		861863099,	861863099,	861865802,	861865814,		
61,	3453,	2,	4,	1001082791,	1001083428,	1001087021,	1001094494,	1001094494,	1001094572,		861930258,	861930258,	861932865,	861932878,		
62,	3308,	2,	4,	1001149457,	1001149845,	1001153391,	1001158597,	1001158597,	1001158652,		861997055,	861997055,	861999553,	861999566,		
63,	2845,	2,	3,	1001216123,	1001216476,	1001218844,	1001223701,	1001223701,	1001223768,		862061765,	862061765,	862064545,	862064558,		
64,	5106,	2,	5,	1001282789,	1001283047,	1001285902,	1001293563,	1001293564,	1001293650,		862128710,	862128710,	862131167,	862131179,		
65,	6558,	2,	7,	1001349455,	1001349707,	1001351231,	1001356377,	1001356377,	1001356445,		862194394,	862194394,	862197137,	862197150,		
66,	5176,	2,	6,	1001416121,	1001416222,	1001420591,	1001426159,	1001426159,	1001426264,		862263620,	862263620,	862266403,	862266417,		
67,	4278,	2,	5,	1001482787,	1001483324,	1001486065,	1001497314,	1001497314,	1001497370,		862329637,	862329638,	862332477,	862332490,		
68,	3627,	2,	4,	1001549453,	1001549720,	1001551763,	1001557543,	1001557543,	1001557594,		862394733,	862394733,	862397793,	862397822,		
69,	3433,	2,	4,	1001616119,	1001616196,	1001620111,	1001627258,	1001627258,	1001627303,		862462966,	862462966,	862465691,	862465703,		
70,	2793,	2,	3,	1001682785,	1001682886,	1001685956,	1001693534,	1001693534,	1001693595,		862529069,	862529069,	862531853,	862531865,		
71,	2333,	2,	3,	1001749451,	1001749768,	1001751298,	1001755034,	1001755034,	1001755105,		862594090,	862594090,	862596814,	862596826,		
72,	4208,	2,	5,	1001816117,	1001816171,	1001817987,	1001822229,	1001822229,	1001822279,		862661038,	862661038,	862663639,	862663651,		
73,	17431,	2,	19,	1001882783,	1001883510,	1001886096,	1001896890,	1001896890,	1001897051,		862729087,	862729087,	862732115,	862732126,		
74,	5853,	2,	6,	1001949449,	1001950355,	1001951816,	1001958194,	1001958195,	1001958260,		862795493,	862795493,	862799411,	862799424,		
75,	3054,	2,	3,	1002016115,	1002016558,	1002017928,	1002022162,	1002022162,	1002022201,		862861664,	862861664,	862864809,	862864820,		
76,	4902,	2,	5,	1002082781,	1002083344,	1002087085,	1002097352,	1002097353,	1002097397,		862930429,	862930430,	862934117,	862934162,		
77,	0,	2,	1,	1002149447,	1002150047,	1002151728,	1002153745,	1002153746,	1002153790,		862995264,	862995264,	862995264,	862995278,		
78,	2404,	2,	3,	1002216113,	1002216730,	1002218490,	1002224932,	1002224932,	1002224982,		863061804,	863061804,	863064763,	863064776,		
79,	2393,	2,	3,	1002282779,	1002283629,	1002285436,	1002291401,	1002291401,	1002291449,		863128120,	863128120,	863130788,	863130801,		
80,	2405,	2,	3,	1002349445,	1002350093,	1002351582,	1002355913,	1002355913,	1002355957,		863195035,	863195035,	863197646,	863197658,		
81,	2460,	2,	3,	1002416111,	1002416314,	1002419363,	1002425755,	1002425755,	1002425810,		863263038,	863263038,	863266055,	863266066,		
82,	3879,	2,	4,	1002482777,	1002482829,	1002485789,	1002496333,	1002496333,	1002496380,		863329353,	863329353,	863331944,	863331956,		
83,	4344,	2,	5,	1002549443,	1002550226,	1002552722,	1002557277,	1002557277,	1002557328,		863396134,	863396134,	863398964,	863398977,		
84,	4526,	2,	5,	1002616109,	1002617172,	1002620868,	1002630457,	1002630458,	1002630504,		863463553,	863463553,	863466908,	863466922,		
85,	4377,	2,	5,	1002682775,	1002683244,	1002687155,	1002697413,	1002697413,	1002697460,		863529989,	863529989,	863532776,	863532788,		
86,	4373,	2,	5,	1002749441,	1002749750,	1002751070,	1002754997,	1002754997,	1002755050,		863593874,	863593874,	863596693,	863596704,		
87,	4407,	2,	5,	1002816107,	1002817113,	1002818991,	1002824473,	1002824474,	1002824537,		863662171,	863662171,	863664928,	863664940,		
88,	3981,	2,	4,	1002882773,	1002883335,	1002886639,	1002894561,	1002894561,	1002894632,		863729387,	863729387,	863732143,	863732162,		
89,	3481,	2,	4,	1002949439,	1002949677,	1002953605,	1002961215,	1002961215,	1002961262,		863796305,	863796305,	863799533,	863799544,		
90,	4421,	2,	5,	1003016105,	1003016364,	1003019617,	1003027273,	1003027273,	1003027335,		863862686,	863862686,	863865333,	863865344,		
91,	4651,	2,	5,	1003082771,	1003083587,	1003087141,	1003094240,	1003094240,	1003094289,		863930768,	863930768,	863933462,	863933474,		
92,	4815,	2,	5,	1003149437,	1003150452,	1003152551,	1003160588,	1003160588,	1003160648,		863995820,	863995820,	863998699,	863998711,		
93,	5049,	2,	5,	1003216103,	1003217061,	1003221659,	1003226299,	1003226299,	1003226365,		864065018,	864065018,	864067812,	864067824,		
94,	4284,	2,	5,	1003282769,	1003283827,	1003285848,	1003290184,	1003290184,	1003290231,		864128987,	864128987,	864131851,	864131862,		
95,	3851,	2,	4,	1003349435,	1003350251,	1003351753,	1003355838,	1003355838,	1003355888,		864195403,	864195403,	864198117,	864198129,		
96,	3308,	2,	4,	1003416101,	1003416534,	1003419191,	1003426363,	1003426363,	1003426428,		864262671,	864262671,	864265512,	864265525,		
97,	3389,	2,	4,	1003482767,	1003483787,	1003486740,	1003497511,	1003497511,	1003497555,		864330075,	864330075,	864333294,	864333306,		
98,	4533,	2,	5,	1003549433,	1003550270,	1003552755,	1003560708,	1003560708,	1003560758,		864395582,	864395582,	864398185,	864398197,		
99,	4698,	2,	5,	1003616099,	1003616922,	1003620189,	1003627691,	1003627691,	1003627745,		864463654,	864463654,	864466466,	864466478,		
100,	4393,	2,	5,	1003682765,	1003682955,	1003686503,	1003693808,	1003693808,	1003693859,		864529902,	864529902,	864532796,	864532810,		
101,	4213,	2,	5,	1003749431,	1003750014,	1003753741,	1003760113,	1003760113,	1003760175,		864597078,	864597078,	864599726,	864599738,		
102,	4407,	2,	5,	1003816097,	1003816701,	1003818733,	1003825523,	1003825523,	1003825585,		864661857,	864661857,	864664649,	864664660,		
103,	4039,	2,	4,	1003882763,	1003883388,	1003885770,	1003895217,	1003895217,	1003895305,		864728962,	864728962,	864731557,	864731569,		
104,	3679,	2,	4,	1003949429,	1003949605,	1003951979,	1003958104,	1003958104,	1003958163,		864794780,	864794781,	864797474,	864797485,		
105,	3732,	2,	4,	1004016095,	1004016918,	1004019954,	1004026078,	1004026078,	1004026123,		864863080,	864863080,	864866068,	864866080,		
106,	4423,	2,	5,	1004082761,	1004083266,	1004085878,	1004092534,	1004092534,	1004092603,		864929279,	864929279,	864931840,	864931852,		
107,	4599,	2,	5,	1004149427,	1004149772,	1004151963,	1004160918,	1004160918,	1004161021,		864995070,	864995070,	864997806,	864997816,		
108,	4259,	2,	5,	1004216093,	1004216568,	1004217927,	1004221871,	1004221872,	1004221923,		865061235,	865061235,	865063811,	865063823,		
109,	4269,	2,	5,	1004282759,	1004283121,	1004285265,	1004290849,	1004290849,	1004290907,		865128183,	865128183,	865130801,	865130813,		
110,	4147,	2,	5,	1004349425,	1004349721,	1004351070,	1004354767,	1004354767,	1004354829,		865194106,	865194106,	865197340,	865197351,		
111,	3996,	2,	4,	1004416091,	1004417159,	1004418466,	1004422023,	1004422023,	1004422069,		865261778,	865261778,	865264386,	865264397,		
112,	3900,	2,	4,	1004482757,	1004483042,	1004484465,	1004488784,	1004488784,	1004488841,		865327681,	865327681,	865330273,	865330284,		
113,	3835,	2,	4,	1004549423,	1004549825,	1004551933,	1004557266,	1004557266,	1004557323,		865394770,	865394770,	865397407,	865397420,		
114,	4317,	2,	5,	1004616089,	1004616303,	1004618401,	1004623401,	1004623401,	1004623481,		865461566,	865461566,	865464165,	865464176,		
115,	4285,	2,	5,	1004682755,	1004683281,	1004685590,	1004696177,	1004696177,	1004696231,		865528547,	865528547,	865531228,	865531240,		
116,	4509,	2,	5,	1004749421,	1004749787,	1004751939,	1004760311,	1004760311,	1004760363,		865594600,	865594600,	865597169,	865597181,		
117,	4154,	2,	5,	1004816087,	1004816101,	1004818414,	1004826401,	1004826401,	1004826479,		865661502,	865661502,	865664154,	865664165,		
118,	4340,	2,	5,	1004882753,	1004883026,	1004885301,	1004891617,	1004891617,	1004891680,		865728706,	865728706,	865731420,	865731467,		
119,	4243,	2,	5,	1004949419,	1004950434,	1004952866,	1004959151,	1004959152,	1004959216,		865795812,	865795812,	865798438,	865798450,		
120,	3792,	2,	4,	1005016085,	1005016808,	1005018837,	1005026750,	1005026750,	1005026803,		865861762,	865861762,	865864391,	865864403,		
121,	3839,	2,	4,	1005082751,	1005083136,	1005085542,	1005092124,	1005092124,	1005092185,		865928876,	865928876,	865931448,	865931460,		
122,	4536,	2,	5,	1005149417,	1005150073,	1005152065,	1005157221,	1005157221,	1005157278,		865995635,	865995635,	865998186,	865998198,		
123,	4319,	2,	5,	1005216083,	1005216364,	1005220213,	1005229489,	1005229489,	1005229604,		866063782,	866063782,	866066434,	866066447,		
124,	4602,	2,	5,	1005282749,	1005283279,	1005285380,	1005291037,	1005291037,	1005291105,		866128534,	866128534,	866131094,	866131106,		
125,	4908,	2,	5,	1005349415,	1005349996,	1005353531,	1005365724,	1005365724,	1005365776,		866196707,	866196707,	866199302,	866199314,		
126,	3837,	2,	4,	1005416081,	1005416264,	1005417602,	1005421495,	1005421495,	1005421549,		866260644,	866260644,	866264407,	866264419,		
127,	4013,	2,	4,	1005482747,	1005483784,	1005485182,	1005489752,	1005489752,	1005489796,		866328364,	866328364,	866330955,	866330967,		
128,	3557,	2,	4,	1005549413,	1005549981,	1005551655,	1005555827,	1005555827,	1005555871,		866394333,	866394333,	866397146,	866397158,		
129,	3628,	2,	4,	1005616079,	1005616856,	1005619602,	1005628478,	1005628478,	1005628563,		866462470,	866462470,	866465040,	866465052,		
130,	4324,	2,	5,	1005682745,	1005683513,	1005686580,	1005693899,	1005693899,	1005693961,		866529443,	866529443,	866532110,	866532122,		
131,	4424,	2,	5,	1005749411,	1005749575,	1005753424,	1005764381,	1005764381,	1005764432,		866596572,	866596573,	866599836,	866599849,		
132,	4724,	2,	5,	1005816077,	1005816647,	1005818327,	1005823133,	1005823133,	1005823188,		866661058,	866661058,	866663713,	866663726,		
133,	4173,	2,	5,	1005882743,	1005883765,	1005887357,	1005897669,	1005897669,	1005897713,		866730392,	866730392,	866733070,	866733083,		
134,	4114,	2,	5,	1005949409,	1005950071,	1005952850,	1005960896,	1005960896,	1005960950,		866796595,	866796595,	866799223,	866799236,		
135,	4087,	2,	4,	1006016075,	1006016982,	1006019876,	1006026302,	1006026302,	1006026356,		866863604,	866863604,	866866178,	866866192,		
136,	4122,	2,	5,	1006082741,	1006083764,	1006085927,	1006091896,	1006091896,	1006091965,		866929497,	866929497,	866932108,	866932119,		
137,	4152,	2,	5,	1006149407,	1006149497,	1006151746,	1006157938,	1006157938,	1006157992,		866994520,	866994520,	866997022,	866997034,		
138,	4255,	2,	5,	1006216073,	1006217034,	1006219827,	1006227763,	1006227763,	1006227835,		867062548,	867062548,	867065113,	867065125,		
139,	4553,	2,	5,	1006282739,	1006283786,	1006286720,	1006294031,	1006294031,	1006294109,		867129531,	867129531,	867132822,	867132868,		
140,	4714,	2,	5,	1006349405,	1006349654,	1006352804,	1006359801,	1006359801,	1006359869,		867196079,	867196079,	867198671,	867198683,		
141,	4460,	2,	5,	1006416071,	1006416830,	1006419397,	1006425732,	1006425732,	1006425795,		867262096,	867262096,	867264728,	867264740,		
142,	4122,	2,	5,	1006482737,	1006483816,	1006486768,	1006493603,	1006493603,	1006493649,		867330373,	867330373,	867333021,	867333034,		
143,	4062,	2,	4,	1006549403,	1006550039,	1006552874,	1006562895,	1006562896,	1006562980,		867396112,	867396112,	867398759,	867398769,		
144,	4290,	2,	5,	1006616069,	1006617124,	1006619531,	1006627384,	1006627385,	1006627475,		867462233,	867462233,	867464921,	867464933,		
145,	3327,	2,	4,	1006682735,	1006683774,	1006685320,	1006688407,	1006688407,	1006688454,		867528356,	867528356,	867530967,	867530979,		
146,	4964,	2,	5,	1006749401,	1006750007,	1006753068,	1006762369,	1006762369,	1006762419,		867596564,	867596564,	867598992,	867599006,		
147,	5013,	2,	5,	1006816067,	1006816896,	1006821040,	1006827315,	1006827315,	1006827363,		867664623,	867664623,	867667894,	867667906,		
148,	4225,	2,	5,	1006882733,	1006883769,	1006886825,	1006894369,	1006894370,	1006894435,		867730222,	867730222,	867732948,	867732961,		
149,	4151,	2,	5,	1006949399,	1006950041,	1006952234,	1006958666,	1006958666,	1006958733,		867795214,	867795214,	867797859,	867797872,		
150,	3826,	2,	4,	1007016065,	1007016364,	1007018813,	1007024506,	1007024507,	1007024568,		867862379,	867862379,	867864902,	867864915,		
151,	3881,	2,	4,	1007082731,	1007083733,	1007087593,	1007094375,	1007094375,	1007094442,		867930324,	867930324,	867932851,	867932863,		
152,	3821,	2,	4,	1007149397,	1007149770,	1007153004,	1007161117,	1007161117,	1007161170,		867996215,	867996215,	867998818,	867998830,		
153,	3817,	2,	4,	1007216063,	1007216383,	1007220507,	1007227816,	1007227816,	1007227898,		868063189,	868063189,	868065724,	868065738,		
154,	4787,	2,	5,	1007282729,	1007283173,	1007285116,	1007290566,	1007290566,	1007290630,		868127915,	868127915,	868130578,	868130589,		
155,	4470,	2,	5,	1007349395,	1007350169,	1007351914,	1007360200,	1007360200,	1007360286,		868195139,	868195139,	868198333,	868198346,		
156,	4370,	2,	5,	1007416061,	1007416271,	1007419035,	1007426695,	1007426695,	1007426743,		868262640,	868262640,	868265216,	868265228,		
157,	4440,	2,	5,	1007482727,	1007483307,	1007485869,	1007493136,	1007493136,	1007493186,		868328549,	868328549,	868331088,	868331100,		
158,	4229,	2,	5,	1007549393,	1007549670,	1007551191,	1007554699,	1007554699,	1007554793,		868394428,	868394428,	868397012,	868397025,		
159,	4742,	2,	5,	1007616059,	1007616215,	1007619130,	1007626920,	1007626920,	1007627027,		868462423,	868462423,	868464995,	868465008,		
160,	4489,	2,	5,	1007682725,	1007683050,	1007686547,	1007696030,	1007696030,	1007696084,		868529419,	868529419,	868532634,	868532644,		
161,	2560,	2,	3,	1007749391,	1007749750,	1007752322,	1007758080,	1007758080,	1007758133,		868595956,	868595956,	868598551,	868598565,		
162,	4082,	2,	4,	1007816057,	1007817050,	1007820992,	1007824597,	1007824597,	1007824650,		868664111,	868664112,	868666595,	868666606,		
163,	4428,	2,	5,	1007882723,	1007882989,	1007886948,	1007893424,	1007893424,	1007893494,		868730073,	868730073,	868733045,	868733060,		
164,	4583,	2,	5,	1007949389,	1007950018,	1007951528,	1007957199,	1007957199,	1007957265,		868795086,	868795086,	868797777,	868797789,		
165,	4402,	2,	5,	1008016055,	1008016202,	1008018020,	1008023837,	1008023837,	1008023916,		868861081,	868861081,	868863908,	868863920,		
166,	4311,	2,	5,	1008082721,	1008083312,	1008086810,	1008093707,	1008093707,	1008093752,		868930395,	868930395,	868933022,	868933032,		
167,	4108,	2,	5,	1008149387,	1008149842,	1008151303,	1008154556,	1008154556,	1008154611,		868994015,	868994015,	868996619,	868996631,		
168,	4127,	2,	5,	1008216053,	1008216908,	1008222282,	1008229877,	1008229877,	1008229953,		869065500,	869065500,	869068237,	869068248,		
169,	3823,	2,	4,	1008282719,	1008283529,	1008285867,	1008292392,	1008292392,	1008292456,		869129450,	869129450,	869132041,	869132052,		
170,	4987,	2,	5,	1008349385,	1008349928,	1008352396,	1008358586,	1008358586,	1008358650,		869195402,	869195402,	869197868,	869197880,		
171,	5478,	2,	6,	1008416051,	1008416452,	1008418609,	1008426024,	1008426024,	1008426074,		869261274,	869261274,	869263882,	869263893,		
172,	4269,	2,	5,	1008482717,	1008483296,	1008485610,	1008489647,	1008489647,	1008489702,		869329099,	869329099,	869331794,	869331808,		
173,	4012,	2,	4,	1008549383,	1008550278,	1008554365,	1008561309,	1008561309,	1008561367,		869397293,	869397293,	869399920,	869399931,		
174,	3826,	2,	4,	1008616049,	1008616976,	1008619064,	1008624243,	1008624243,	1008624299,		869462233,	869462234,	869464776,	869464788,		
175,	3866,	2,	4,	1008682715,	1008683581,	1008686082,	1008692206,	1008692206,	1008692274,		869529300,	869529300,	869531828,	869531839,		
176,	3640,	2,	4,	1008749381,	1008749575,	1008753557,	1008761839,	1008761839,	1008761906,		869596383,	869596383,	869599640,	869599652,		
177,	3641,	2,	4,	1008816047,	1008817043,	1008819305,	1008826934,	1008826934,	1008827026,		869662778,	869662778,	869665319,	869665332,		
178,	4292,	2,	5,	1008882713,	1008883244,	1008884860,	1008889093,	1008889093,	1008889146,		869727596,	869727596,	869730127,	869730138,		
179,	4718,	2,	5,	1008949379,	1008949739,	1008953320,	1008958930,	1008958930,	1008958989,		869796737,	869796737,	869799295,	869799308,		
180,	4494,	2,	5,	1009016045,	1009016502,	1009018885,	1009024668,	1009024668,	1009024726,		869861564,	869861564,	869864220,	869864232,		
181,	4784,	2,	5,	1009082711,	1009082895,	1009085576,	1009093896,	1009093896,	1009093967,		869928643,	869928643,	869931366,	869931378,		
182,	5362,	2,	6,	1009149377,	1009149740,	1009152958,	1009161405,	1009161405,	1009161455,		869995715,	869995715,	869998384,	869998396,		
183,	4542,	2,	5,	1009216043,	1009216834,	1009219111,	1009224966,	1009224966,	1009225025,		870061782,	870061782,	870064582,	870064595,		
184,	3109,	2,	4,	1009282709,	1009283123,	1009286328,	1009293578,	1009293579,	1009293654,		870129256,	870129256,	870131878,	870131890,		
185,	2728,	2,	3,	1009349375,	1009349630,	1009353097,	1009361500,	1009361500,	1009361584,		870196204,	870196204,	870198717,	870198728,		
186,	4671,	2,	5,	1009416041,	1009416890,	1009420453,	1009428402,	1009428402,	1009428481,		870263197,	870263197,	870265579,	870265589,		
187,	4213,	2,	5,	1009482707,	1009483604,	1009486090,	1009492618,	1009492618,	1009492731,		870328894,	870328894,	870331541,	870331553,		
188,	4290,	2,	5,	1009549373,	1009550366,	1009554293,	1009561614,	1009561614,	1009561687,		870397062,	870397062,	870399695,	870399707,		
189,	4296,	2,	5,	1009616039,	1009616222,	1009618368,	1009623848,	1009623848,	1009623920,		870462044,	870462044,	870464789,	870464801,		
190,	4342,	2,	5,	1009682705,	1009683275,	1009685571,	1009692516,	1009692516,	1009692591,		870529027,	870529027,	870531759,	870531772,		
191,	3974,	2,	4,	1009749371,	1009749758,	1009752743,	1009760202,	1009760202,	1009760278,		870596256,	870596256,	870598898,	870598910,		
192,	4283,	2,	5,	1009816037,	1009816872,	1009818568,	1009823948,	1009823948,	1009824048,		870661410,	870661410,	870663971,	870663983,		
193,	3644,	2,	4,	1009882703,	1009883258,	1009885843,	1009892349,	1009892349,	1009892401,		870729282,	870729282,	870731817,	870731829,		
194,	4424,	2,	5,	1009949369,	1009949704,	1009952325,	1009959425,	1009959425,	1009959487,		870795152,	870795152,	870797739,	870797751,		
195,	4245,	2,	5,	1010016035,	1010016098,	1010018384,	1010024383,	1010024383,	1010024454,		870862110,	870862110,	870864878,	870864891,		
196,	4727,	2,	5,	1010082701,	1010083136,	1010086120,	1010093133,	1010093133,	1010093182,		870929420,	870929420,	870932078,	870932091,		
197,	4268,	2,	5,	1010149367,	1010150253,	1010152405,	1010158335,	1010158335,	1010158404,		870995527,	870995527,	870998187,	870998200,		
198,	4214,	2,	5,	1010216033,	1010217078,	1010219878,	1010226629,	1010226629,	1010226691,		871063563,	871063563,	871066216,	871066229,		
199,	4062,	2,	4,	1010282699,	1010283327,	1010285638,	1010292231,	1010292231,	1010292285,		871128556,	871128556,	871131138,	871131151,		
200,	4068,	2,	4,	1010349365,	1010349881,	1010354249,	1010362929,	1010362929,	1010362993,		871197682,	871197682,	871200293,	871200306,		
201,	3794,	2,	4,	1010416031,	1010416333,	1010420578,	1010426314,	1010426314,	1010426359,		871263679,	871263679,	871266602,	871266614,		
202,	4570,	2,	5,	1010482697,	1010483056,	1010485509,	1010492259,	1010492259,	1010492312,		871328906,	871328906,	871332262,	871332274,		
203,	4403,	2,	5,	1010549363,	1010549714,	1010553652,	1010561596,	1010561596,	1010561646,		871396617,	871396617,	871399383,	871399396,		
204,	4246,	2,	5,	1010616029,	1010616509,	1010618655,	1010627653,	1010627653,	1010627789,		871461672,	871461672,	871464376,	871464389,		
205,	4270,	2,	5,	1010682695,	1010683439,	1010685902,	1010693136,	1010693136,	1010693211,		871528907,	871528907,	871531555,	871531568,		
206,	4744,	2,	5,	1010749361,	1010749683,	1010752216,	1010758528,	1010758528,	1010758594,		871595856,	871595856,	871598615,	871598628,		
207,	4292,	2,	5,	1010816027,	1010817052,	1010820869,	1010826939,	1010826939,	1010826999,		871664231,	871664231,	871667003,	871667015,		
208,	3665,	2,	4,	1010882693,	1010883617,	1010886795,	1010894063,	1010894063,	1010894108,		871730312,	871730312,	871733023,	871733035,		
209,	3408,	2,	4,	1010949359,	1010949506,	1010951551,	1010958851,	1010958851,	1010958912,		871795291,	871795291,	871797969,	871797982,		
210,	3592,	2,	4,	1011016025,	1011016780,	1011020290,	1011026387,	1011026387,	1011026432,		871863566,	871863566,	871866705,	871866719,		
211,	4644,	2,	5,	1011082691,	1011082786,	1011085561,	1011092144,	1011092144,	1011092205,		871928838,	871928838,	871931465,	871931477,		
212,	4359,	2,	5,	1011149357,	1011149512,	1011151042,	1011157439,	1011157439,	1011157515,		871993790,	871993790,	871996557,	871996571,		
213,	4279,	2,	5,	1011216023,	1011216025,	1011220105,	1011228952,	1011228952,	1011229005,		872063178,	872063178,	872065893,	872065904,		
214,	4256,	2,	5,	1011282689,	1011283173,	1011288439,	1011294953,	1011294953,	1011295001,		872131408,	872131408,	872134167,	872134180,		
215,	4187,	2,	5,	1011349355,	1011349589,	1011351470,	1011355099,	1011355099,	1011355149,		872194361,	872194361,	872197190,	872197202,		
216,	4203,	2,	5,	1011416021,	1011416126,	1011419433,	1011427413,	1011427413,	1011427539,		872262678,	872262678,	872265419,	872265431,		
217,	4106,	2,	5,	1011482687,	1011483709,	1011487613,	1011495603,	1011495604,	1011495679,		872331019,	872331019,	872333604,	872333616,		
218,	4635,	2,	5,	1011549353,	1011549804,	1011551316,	1011556293,	1011556293,	1011556344,		872394872,	872394872,	872397483,	872397494,		
219,	4393,	2,	5,	1011616019,	1011616926,	1011620888,	1011626696,	1011626696,	1011626773,		872464117,	872464117,	872466810,	872466823,		
220,	4401,	2,	5,	1011682685,	1011682863,	1011686484,	1011697277,	1011697277,	1011697332,		872530079,	872530079,	872532816,	872532828,		
221,	4598,	2,	5,	1011749351,	1011749875,	1011752761,	1011761223,	1011761223,	1011761275,		872596199,	872596199,	872598764,	872598776,		
222,	4097,	2,	5,	1011816017,	1011816405,	1011821592,	1011827545,	1011827545,	1011827595,		872665305,	872665305,	872667968,	872667980,		
223,	4151,	2,	5,	1011882683,	1011882907,	1011885485,	1011892400,	1011892400,	1011892453,		872729087,	872729087,	872731892,	872731906,		
224,	3842,	2,	4,	1011949349,	1011949827,	1011952237,	1011958978,	1011958978,	1011959042,		872795164,	872795164,	872797872,	872797883,		
225,	3448,	2,	4,	1012016015,	1012016912,	1012018383,	1012021918,	1012021918,	1012021965,		872861207,	872861207,	872863776,	872863788,		
226,	4444,	2,	5,	1012082681,	1012082952,	1012085856,	1012091727,	1012091727,	1012091790,		872929399,	872929399,	872931912,	872931925,		
227,	4497,	2,	5,	1012149347,	1012150069,	1012151410,	1012155521,	1012155521,	1012155590,		872995074,	872995074,	872997817,	872997828,		
228,	4390,	2,	5,	1012216013,	1012216237,	1012218151,	1012225984,	1012225984,	1012226045,		873061226,	873061226,	873063974,	873063985,		
229,	4350,	2,	5,	1012282679,	1012283651,	1012287610,	1012293038,	1012293039,	1012293098,		873130699,	873130699,	873133386,	873133398,		
230,	3984,	2,	4,	1012349345,	1012350365,	1012351853,	1012355408,	1012355408,	1012355454,		873195547,	873195547,	873198169,	873198181,		
231,	3998,	2,	4,	1012416011,	1012416014,	1012420200,	1012429361,	1012429361,	1012429407,		873263590,	873263590,	873267019,	873267030,		
232,	3921,	2,	4,	1012482677,	1012483282,	1012485491,	1012493425,	1012493425,	1012493476,		873328940,	873328940,	873331479,	873331491,		
233,	3770,	2,	4,	1012549343,	1012549922,	1012551831,	1012555853,	1012555853,	1012555897,		873394923,	873394923,	873397557,	873397570,		
234,	4235,	2,	5,	1012616009,	1012616419,	1012617783,	1012621451,	1012621451,	1012621499,		873460962,	873460962,	873463549,	873463561,		
235,	4388,	2,	5,	1012682675,	1012683040,	1012687226,	1012695042,	1012695042,	1012695088,		873530118,	873530118,	873532680,	873532693,		
236,	4493,	2,	5,	1012749341,	1012749722,	1012752823,	1012758903,	1012758903,	1012758974,		873595998,	873595998,	873598615,	873598628,		
237,	4423,	2,	5,	1012816007,	1012816329,	1012818358,	1012826290,	1012826290,	1012826372,		873661988,	873661988,	873664592,	873664605,		
238,	3997,	2,	4,	1012882673,	1012883204,	1012885487,	1012891649,	1012891649,	1012891712,		873728980,	873728980,	873731625,	873731637,		
239,	4200,	2,	5,	1012949339,	1012949891,	1012951419,	1012955184,	1012955184,	1012955234,		873795029,	873795029,	873797924,	873797936,		
240,	4108,	2,	5,	1013016005,	1013016611,	1013023089,	1013030781,	1013030781,	1013030845,		873866717,	873866717,	873869343,	873869356,		
241,	3659,	2,	4,	1013082671,	1013083719,	1013087647,	1013094348,	1013094348,	1013094394,		873930469,	873930469,	873933175,	873933185,		
242,	4525,	2,	5,	1013149337,	1013149456,	1013151048,	1013154473,	1013154473,	1013154524,		873994245,	873994245,	873996791,	873996803,		
243,	4253,	2,	5,	1013216003,	1013216619,	1013220728,	1013229968,	1013229969,	1013230015,		874064418,	874064418,	874067043,	874067056,		
244,	4285,	2,	5,	1013282669,	1013283230,	1013286447,	1013295214,	1013295214,	1013295307,		874129373,	874129373,	874131985,	874131997,		
245,	4380,	2,	5,	1013349335,	1013349443,	1013350809,	1013354852,	1013354852,	1013354898,		874194298,	874194299,	874196917,	874196930,		
246,	4025,	2,	4,	1013416001,	1013416925,	1013418859,	1013422424,	1013422424,	1013422473,		874261814,	874261814,	874265306,	874265319,		
247,	4005,	2,	4,	1013482667,	1013483372,	1013487522,	1013493468,	1013493468,	1013493516,		874330477,	874330477,	874334183,	874334194,		
248,	4077,	2,	4,	1013549333,	1013549404,	1013550818,	1013554401,	1013554401,	1013554445,		874393825,	874393825,	874396434,	874396447,		
249,	3843,	2,	4,	1013615999,	1013616524,	1013619053,	1013624535,	1013624535,	1013624623,		874461784,	874461784,	874464400,	874464411,		
250,	4286,	2,	5,	1013682665,	1013683251,	1013684634,	1013689800,	1013689801,	1013689871,		874527907,	874527907,	874530402,	874530415,		
251,	4195,	2,	5,	1013749331,	1013749907,	1013751270,	1013755018,	1013755018,	1013755073,		874594513,	874594514,	874597156,	874597168,		
252,	4329,	2,	5,	1013815997,	1013816382,	1013818726,	1013824557,	1013824557,	1013824620,		874661646,	874661646,	874664491,	874664502,		
253,	4256,	2,	5,	1013882663,	1013883554,	1013884910,	1013888604,	1013888604,	1013888663,		874727815,	874727815,	874730405,	874730417,		
254,	4221,	2,	5,	1013949329,	1013949924,	1013951275,	1013955049,	1013955049,	1013955108,		874794648,	874794648,	874797253,	874797265,		
255,	4455,	2,	5,	1014015995,	1014016349,	1014017957,	1014021754,	1014021754,	1014021819,		874860687,	874860687,	874863302,	874863316,		
256,	3947,	2,	4,	1014082661,	1014082864,	1014084178,	1014087778,	1014087778,	1014087825,		874927665,	874927665,	874930300,	874930313,		
257,	3645,	2,	4,	1014149327,	1014149916,	1014151439,	1014155310,	1014155310,	1014155365,		874994715,	874994715,	874997290,	874997303,		
258,	4287,	2,	5,	1014215993,	1014216465,	1014218661,	1014224945,	1014224945,	1014225021,		875061849,	875061849,	875064389,	875064401,		
259,	4183,	2,	5,	1014282659,	1014283078,	1014284507,	1014288443,	1014288443,	1014288502,		875127429,	875127429,	875130062,	875130074,		
260,	4167,	2,	5,	1014349325,	1014349579,	1014350975,	1014354831,	1014354832,	1014354892,		875194659,	875194659,	875197612,	875197656,		
261,	4200,	2,	5,	1014415991,	1014416945,	1014418353,	1014422177,	1014422177,	1014422245,		875262049,	875262049,	875264610,	875264622,		
262,	4207,	2,	5,	1014482657,	1014483205,	1014485370,	1014489007,	1014489007,	1014489066,		875328938,	875328938,	875331532,	875331544,		
263,	4198,	2,	5,	1014549323,	1014549640,	1014553068,	1014560212,	1014560212,	1014560269,		875396050,	875396050,	875398696,	875398747,		
264,	4169,	2,	5,	1014615989,	1014616773,	1014619140,	1014625302,	1014625302,	1014625352,		875461804,	875461804,	875464394,	875464405,		
265,	4012,	2,	4,	1014682655,	1014683194,	1014685811,	1014692373,	1014692373,	1014692421,		875528804,	875528804,	875531478,	875531488,		
266,	4239,	2,	5,	1014749321,	1014749394,	1014751796,	1014757457,	1014757457,	1014757511,		875594833,	875594833,	875597352,	875597365,		
267,	4246,	2,	5,	1014815987,	1014816077,	1014818679,	1014826294,	1014826295,	1014826384,		875661557,	875661557,	875664300,	875664312,		
268,	4185,	2,	5,	1014882653,	1014883350,	1014886506,	1014894447,	1014894447,	1014894534,		875729837,	875729837,	875732684,	875732720,		
269,	4192,	2,	5,	1014949319,	1014949401,	1014951827,	1014960657,	1014960657,	1014960709,		875794942,	875794942,	875797470,	875797482,		
270,	4438,	2,	5,	1015015985,	1015016630,	1015019232,	1015026217,	1015026217,	1015026296,		875861930,	875861930,	875864541,	875864553,		
271,	4184,	2,	5,	1015082651,	1015083301,	1015085447,	1015094322,	1015094322,	1015094429,		875928912,	875928912,	875931555,	875931567,		
272,	4077,	2,	4,	1015149317,	1015149408,	1015152408,	1015160493,	1015160494,	1015160572,		875995998,	875995998,	875998634,	875998647,		
273,	4169,	2,	5,	1015215983,	1015216537,	1015218448,	1015223788,	1015223788,	1015223852,		876062005,	876062005,	876065185,	876065197,		
274,	4578,	2,	5,	1015282649,	1015283625,	1015286474,	1015295578,	1015295578,	1015295680,		876129611,	876129611,	876132304,	876132315,		
275,	4206,	2,	5,	1015349315,	1015349437,	1015353074,	1015359003,	1015359003,	1015359071,		876196752,	876196752,	876199351,	876199364,		
276,	4329,	2,	5,	1015415981,	1015416189,	1015420787,	1015428090,	1015428091,	1015428149,		876263517,	876263517,	876266492,	876266504,		
277,	4151,	2,	5,	1015482647,	1015482985,	1015486499,	1015494190,	1015494190,	1015494238,		876329750,	876329750,	876332598,	876332611,		
278,	4274,	2,	5,	1015549313,	1015549721,	1015551229,	1015554814,	1015554814,	1015554865,		876394896,	876394896,	876397658,	876397670,		
279,	4123,	2,	5,	1015615979,	1015616289,	1015624151,	1015630185,	1015630186,	1015630235,		876467613,	876467613,	876470361,	876470376,		
280,	4079,	2,	4,	1015682645,	1015683354,	1015687148,	1015697164,	1015697164,	1015697212,		876530156,	876530156,	876532762,	876532774,		
281,	3873,	2,	4,	1015749311,	1015749526,	1015751376,	1015755382,	1015755382,	1015755427,		876595051,	876595051,	876598139,	876598150,		
282,	4385,	2,	5,	1015815977,	1015816230,	1015819793,	1015826691,	1015826691,	1015826764,		876662549,	876662549,	876665170,	876665182,		
283,	4580,	2,	5,	1015882643,	1015883500,	1015886502,	1015893569,	1015893569,	1015893615,		876729517,	876729517,	876732133,	876732145,		
284,	4584,	2,	5,	1015949309,	1015949387,	1015950852,	1015954890,	1015954890,	1015954946,		876794497,	876794497,	876797132,	876797144,		
285,	4180,	2,	5,	1016015975,	1016016497,	1016019692,	1016026854,	1016026854,	1016026915,		876862526,	876862526,	876865147,	876865159,		
286,	4195,	2,	5,	1016082641,	1016082648,	1016086235,	1016094904,	1016094905,	1016094990,		876929510,	876929510,	876932201,	876932212,		
287,	4048,	2,	4,	1016149307,	1016149372,	1016151641,	1016159910,	1016159910,	1016159992,		876994402,	876994402,	876997068,	876997080,		
288,	4005,	2,	4,	1016215973,	1016216366,	1016220489,	1016227835,	1016227835,	1016227910,		877063698,	877063698,	877066380,	877066390,		
289,	3477,	2,	4,	1016282639,	1016282785,	1016284644,	1016290037,	1016290037,	1016290103,		877127649,	877127649,	877130330,	877130345,		
290,	4331,	2,	5,	1016349305,	1016349835,	1016351339,	1016356258,	1016356258,	1016356329,		877194641,	877194641,	877197192,	877197203,		
291,	4211,	2,	5,	1016415971,	1016416461,	1016419040,	1016426054,	1016426054,	1016426138,		877262555,	877262555,	877265082,	877265094,		
292,	4834,	2,	5,	1016482637,	1016483065,	1016485217,	1016491286,	1016491286,	1016491358,		877328310,	877328310,	877330887,	877330898,		
293,	4243,	2,	5,	1016549303,	1016550176,	1016552695,	1016560810,	1016560810,	1016560864,		877396375,	877396375,	877398907,	877398919,		
294,	4280,	2,	5,	1016615969,	1016616576,	1016618428,	1016626362,	1016626362,	1016626470,		877461103,	877461103,	877464505,	877464518,		
295,	4117,	2,	5,	1016682635,	1016683661,	1016685517,	1016690622,	1016690623,	1016690683,		877528907,	877528907,	877531467,	877531479,		
296,	3878,	2,	4,	1016749301,	1016750276,	1016753252,	1016760526,	1016760527,	1016760576,		877596551,	877596551,	877599303,	877599312,		
297,	3609,	2,	4,	1016815967,	1016816347,	1016818977,	1016826600,	1016826600,	1016826696,		877662720,	877662720,	877665325,	877665337,		
298,	4487,	2,	5,	1016882633,	1016883439,	1016885211,	1016892424,	1016892424,	1016892480,		877728625,	877728625,	877731131,	877731143,		
299,	4181,	2,	5,	1016949299,	1016949423,	1016951278,	1016959039,	1016959039,	1016959122,		877794518,	877794518,	877797239,	877797250,		
300,	4438,	2,	5,	1017015965,	1017016302,	1017018635,	1017025085,	1017025085,	1017025166,		877861448,	877861448,	877863974,	877863987,		
301,	4175,	2,	5,	1017082631,	1017083044,	1017086332,	1017093102,	1017093102,	1017093151,		877929563,	877929563,	877932180,	877932192,		
302,	4512,	2,	5,	1017149297,	1017150330,	1017152984,	1017159691,	1017159691,	1017159763,		877996653,	877996653,	877999269,	877999312,		
303,	4060,	2,	4,	1017215963,	1017216424,	1017218033,	1017224780,	1017224780,	1017224830,		878061553,	878061553,	878064136,	878064149,		
304,	3981,	2,	4,	1017282629,	1017283508,	1017285853,	1017293331,	1017293331,	1017293379,		878128639,	878128639,	878131211,	878131223,		
305,	3558,	2,	4,	1017349295,	1017349369,	1017356312,	1017361708,	1017361708,	1017361764,		878199028,	878199028,	878201690,	878201704,		
306,	4301,	2,	5,	1017415961,	1017416708,	1017420477,	1017427762,	1017427762,	1017427844,		878263868,	878263868,	878266391,	878266403,		
307,	4704,	2,	5,	1017482627,	1017482773,	1017485351,	1017492441,	1017492441,	1017492491,		878328512,	878328512,	878331325,	878331335,		
308,	4280,	2,	5,	1017549293,	1017549718,	1017551416,	1017556910,	1017556910,	1017556965,		878394586,	878394586,	878397405,	878397417,		
309,	4659,	2,	5,	1017615959,	1017616472,	1017619835,	1017628066,	1017628066,	1017628118,		878462760,	878462760,	878465395,	878465413,		
310,	4240,	2,	5,	1017682625,	1017683324,	1017685640,	1017691210,	1017691210,	1017691286,		878528922,	878528922,	878532023,	878532035,		
311,	4377,	2,	5,	1017749291,	1017750085,	1017752387,	1017758061,	1017758061,	1017758123,		878595348,	878595349,	878597935,	878597949,		
312,	3663,	2,	4,	1017815957,	1017816041,	1017817349,	1017822027,	1017822027,	1017822071,		878660294,	878660294,	878662959,	878662970,		
313,	3406,	2,	4,	1017882623,	1017882907,	1017885098,	1017890398,	1017890398,	1017890458,		878728636,	878728636,	878731174,	878731185,		
314,	4468,	2,	5,	1017949289,	1017949333,	1017951971,	1017959656,	1017959656,	1017959742,		878795456,	878795456,	878798026,	878798038,		
315,	4330,	2,	5,	1018015955,	1018016894,	1018018213,	1018021929,	1018021929,	1018021982,		878861361,	878861361,	878864624,	878864645,		
316,	4179,	2,	5,	1018082621,	1018082712,	1018085950,	1018093339,	1018093339,	1018093395,		878929030,	878929030,	878931758,	878931771,		
317,	4516,	2,	5,	1018149287,	1018150158,	1018154387,	1018161317,	1018161317,	1018161383,		878997351,	878997351,	878999983,	878999994,		
318,	4271,	2,	5,	1018215953,	1018216087,	1018217396,	1018221081,	1018221082,	1018221130,		879060131,	879060131,	879062728,	879062741,		
319,	4220,	2,	5,	1018282619,	1018282905,	1018285396,	1018291278,	1018291278,	1018291338,		879128109,	879128109,	879130845,	879130857,		
320,	4090,	2,	4,	1018349285,	1018350159,	1018351540,	1018356347,	1018356347,	1018356400,		879194236,	879194236,	879197025,	879197037,		
321,	3564,	2,	4,	1018415951,	1018416394,	1018417703,	1018421227,	1018421227,	1018421276,		879260455,	879260455,	879263096,	879263109,		
322,	4409,	2,	5,	1018482617,	1018483500,	1018485626,	1018490903,	1018490903,	1018490976,		879328696,	879328696,	879331202,	879331214,		
323,	4458,	2,	5,	1018549283,	1018549555,	1018551643,	1018557001,	1018557001,	1018557062,		879394767,	879394767,	879397957,	879397974,		
324,	4346,	2,	5,	1018615949,	1018616877,	1018618199,	1018621668,	1018621668,	1018621722,		879460968,	879460968,	879463534,	879463546,		
325,	4389,	2,	5,	1018682615,	1018683491,	1018685118,	1018688910,	1018688910,	1018688957,		879528145,	879528145,	879530727,	879530739,		
326,	4125,	2,	5,	1018749281,	1018749573,	1018752558,	1018759311,	1018759311,	1018759375,		879595319,	879595319,	879597951,	879597963,		
327,	4075,	2,	4,	1018815947,	1018816302,	1018818923,	1018825679,	1018825679,	1018825733,		879662338,	879662338,	879664925,	879664935,		
328,	4051,	2,	4,	1018882613,	1018882814,	1018885244,	1018891977,	1018891977,	1018892050,		879728316,	879728316,	879731664,	879731674,		
329,	3709,	2,	4,	1018949279,	1018950267,	1018952728,	1018961030,	1018961030,	1018961115,		879796098,	879796098,	879798707,	879798718,		
330,	4571,	2,	5,	1019015945,	1019016409,	1019020920,	1019027623,	1019027623,	1019027679,		879864093,	879864093,	879866662,	879866672,		
331,	4505,	2,	5,	1019082611,	1019083457,	1019086049,	1019093193,	1019093193,	1019093272,		879928933,	879928933,	879931641,	879931656,		
332,	4175,	2,	5,	1019149277,	1019150026,	1019152348,	1019159504,	1019159504,	1019159573,		879996081,	879996081,	879998729,	879998741,		
333,	4247,	2,	5,	1019215943,	1019216617,	1019218572,	1019224827,	1019224827,	1019224887,		880062199,	880062199,	880064877,	880064888,		
334,	4160,	2,	5,	1019282609,	1019282861,	1019285820,	1019293270,	1019293270,	1019293348,		880129260,	880129260,	880131847,	880131859,		
335,	4075,	2,	4,	1019349275,	1019350001,	1019353259,	1019358874,	1019358874,	1019358932,		880196258,	880196258,	880198929,	880198938,		
336,	3943,	2,	4,	1019415941,	1019416167,	1019420130,	1019427058,	1019427059,	1019427132,		880263560,	880263560,	880266698,	880266709,		
337,	3875,	2,	4,	1019482607,	1019482978,	1019485397,	1019492184,	1019492184,	1019492255,		880329064,	880329064,	880331691,	880331702,		
338,	4555,	2,	5,	1019549273,	1019550205,	1019552673,	1019559567,	1019559567,	1019559629,		880396115,	880396115,	880398709,	880398720,		
339,	4217,	2,	5,	1019615939,	1019616072,	1019618833,	1019628074,	1019628074,	1019628127,		880462198,	880462198,	880464811,	880464824,		
340,	4366,	2,	5,	1019682605,	1019683548,	1019685960,	1019692471,	1019692471,	1019692543,		880529054,	880529054,	880531714,	880531724,		
341,	4238,	2,	5,	1019749271,	1019749730,	1019751886,	1019758653,	1019758653,	1019758727,		880595075,	880595076,	880597826,	880597836,		
342,	4312,	2,	5,	1019815937,	1019816692,	1019818682,	1019823793,	1019823793,	1019823850,		880662295,	880662295,	880664848,	880664861,		
343,	4094,	2,	4,	1019882603,	1019883625,	1019885837,	1019892783,	1019892783,	1019892847,		880729235,	880729235,	880731875,	880731885,		
344,	3991,	2,	4,	1019949269,	1019950285,	1019953544,	1019962552,	1019962553,	1019962640,		880796419,	880796419,	880799514,	880799525,		
345,	3824,	2,	4,	1020015935,	1020016834,	1020019609,	1020026127,	1020026127,	1020026184,		880862754,	880862754,	880865384,	880865395,		
346,	4374,	2,	5,	1020082601,	1020083536,	1020086305,	1020093781,	1020093781,	1020093858,		880929813,	880929813,	880932387,	880932397,		
347,	4191,	2,	5,	1020149267,	1020150131,	1020152879,	1020159023,	1020159023,	1020159090,		880995818,	880995818,	880998460,	880998472,		
348,	4667,	2,	5,	1020215933,	1020216075,	1020219029,	1020228284,	1020228285,	1020228371,		881062724,	881062724,	881065373,	881065383,		
349,	4196,	2,	5,	1020282599,	1020283027,	1020286278,	1020294123,	1020294123,	1020294201,		881129758,	881129758,	881132472,	881132482,		
350,	4163,	2,	5,	1020349265,	1020349867,	1020352593,	1020358712,	1020358713,	1020358770,		881195872,	881195872,	881198500,	881198512,		
351,	4098,	2,	5,	1020415931,	1020416467,	1020419460,	1020425865,	1020425865,	1020425937,		881262901,	881262902,	881265576,	881265587,		
352,	4022,	2,	4,	1020482597,	1020482792,	1020486008,	1020493353,	1020493353,	1020493422,		881329012,	881329012,	881331903,	881331917,		
353,	3830,	2,	4,	1020549263,	1020549422,	1020551514,	1020556897,	1020556897,	1020556947,		881395013,	881395013,	881397598,	881397608,		
354,	4405,	2,	5,	1020615929,	1020616406,	1020619619,	1020626668,	1020626668,	1020626727,		881463022,	881463022,	881465601,	881465611,		
355,	4272,	2,	5,	1020682595,	1020682636,	1020685203,	1020691367,	1020691367,	1020691430,		881528926,	881528926,	881531463,	881531476,		
356,	4381,	2,	5,	1020749261,	1020749473,	1020751327,	1020757032,	1020757032,	1020757098,		881594819,	881594819,	881597497,	881597507,		
357,	4349,	2,	5,	1020815927,	1020816268,	1020819476,	1020828282,	1020828282,	1020828334,		881663063,	881663063,	881666080,	881666093,		
358,	4263,	2,	5,	1020882593,	1020882704,	1020885272,	1020892080,	1020892080,	1020892131,		881728305,	881728305,	881730976,	881730986,		
359,	4041,	2,	4,	1020949259,	1020949686,	1020952795,	1020959707,	1020959707,	1020959771,		881796519,	881796519,	881799095,	881799106,		
360,	3963,	2,	4,	1021015925,	1021016011,	1021018815,	1021025845,	1021025845,	1021025918,		881861501,	881861501,	881864121,	881864132,		
361,	3882,	2,	4,	1021082591,	1021083325,	1021084896,	1021090350,	1021090350,	1021090407,		881928402,	881928402,	881931038,	881931049,		
362,	4354,	2,	5,	1021149257,	1021149814,	1021156530,	1021160355,	1021160355,	1021160410,		881999775,	881999775,	882002374,	882002386,		
363,	4343,	2,	5,	1021215923,	1021216822,	1021219100,	1021225299,	1021225299,	1021225370,		882062638,	882062638,	882065221,	882065231,		
364,	4343,	2,	5,	1021282589,	1021282618,	1021284900,	1021291555,	1021291556,	1021291631,		882128600,	882128600,	882131220,	882131230,		
365,	4394,	2,	5,	1021349255,	1021350267,	1021354618,	1021360533,	1021360533,	1021360594,		882197875,	882197875,	882201079,	882201091,		
366,	4351,	2,	5,	1021415921,	1021416682,	1021420368,	1021429154,	1021429155,	1021429237,		882263268,	882263268,	882265955,	882265967,		
367,	4052,	2,	4,	1021482587,	1021483333,	1021486544,	1021495079,	1021495079,	1021495131,		882329361,	882329361,	882332093,	882332102,		
368,	4072,	2,	4,	1021549253,	1021549944,	1021551986,	1021560189,	1021560189,	1021560273,		882395417,	882395417,	882398032,	882398043,		
369,	3831,	2,	4,	1021615919,	1021615966,	1021618497,	1021626698,	1021626698,	1021626753,		882461321,	882461321,	882463971,	882463981,		
370,	4506,	2,	5,	1021682585,	1021683022,	1021685999,	1021693199,	1021693199,	1021693267,		882529530,	882529530,	882532582,	882532594,		
371,	4484,	2,	5,	1021749251,	1021749466,	1021751020,	1021754641,	1021754641,	1021754691,		882594743,	882594743,	882597450,	882597460,		
372,	4350,	2,	5,	1021815917,	1021816887,	1021822168,	1021827473,	1021827473,	1021827539,		882665125,	882665125,	882667743,	882667754,		
373,	4368,	2,	5,	1021882583,	1021883280,	1021885696,	1021892991,	1021892992,	1021893068,		882729043,	882729043,	882731623,	882731633,		
374,	4201,	2,	5,	1021949249,	1021949341,	1021950772,	1021955022,	1021955022,	1021955080,		882793746,	882793746,	882796483,	882796493,		
375,	4026,	2,	4,	1022015915,	1022015936,	1022018996,	1022026147,	1022026147,	1022026198,		882862058,	882862058,	882865367,	882865378,		
376,	4193,	2,	5,	1022082581,	1022082918,	1022085339,	1022092423,	1022092423,	1022092476,		882928560,	882928560,	882931164,	882931174,		
377,	3434,	2,	4,	1022149247,	1022149626,	1022152445,	1022157316,	1022157316,	1022157370,		882995663,	882995663,	882998262,	882998273,		
378,	4559,	2,	5,	1022215913,	1022215967,	1022219520,	1022228353,	1022228353,	1022228451,		883062840,	883062840,	883065319,	883065355,		
379,	4401,	2,	5,	1022282579,	1022283274,	1022286325,	1022293869,	1022293870,	1022293944,		883129589,	883129589,	883132196,	883132206,		
380,	4599,	2,	5,	1022349245,	1022349322,	1022353268,	1022362777,	1022362777,	1022362874,		883196556,	883196556,	883199185,	883199198,		
381,	4389,	2,	5,	1022415911,	1022416077,	1022418671,	1022425253,	1022425253,	1022425313,		883261477,	883261477,	883264080,	883264090,		
382,	4134,	2,	5,	1022482577,	1022483110,	1022486319,	1022492749,	1022492749,	1022492795,		883329412,	883329412,	883331995,	883332025,		
383,	4024,	2,	4,	1022549243,	1022549844,	1022553062,	1022559339,	1022559339,	1022559393,		883396447,	883396447,	883399328,	883399342,		
384,	3877,	2,	4,	1022615909,	1022616229,	1022617782,	1022622160,	1022622160,	1022622214,		883460607,	883460607,	883463105,	883463114,		
385,	3566,	2,	4,	1022682575,	1022682999,	1022689028,	1022693201,	1022693201,	1022693249,		883531999,	883531999,	883534543,	883534556,		
386,	4482,	2,	5,	1022749241,	1022749372,	1022753230,	1022759279,	1022759279,	1022759334,		883595940,	883595940,	883598481,	883598493,		
387,	4592,	2,	5,	1022815907,	1022815914,	1022818261,	1022825016,	1022825016,	1022825083,		883661646,	883661646,	883664301,	883664312,		
388,	4248,	2,	5,	1022882573,	1022883196,	1022884525,	1022888254,	1022888254,	1022888305,		883727679,	883727679,	883731294,	883731305,		
389,	4269,	2,	5,	1022949239,	1022949711,	1022951079,	1022955030,	1022955030,	1022955087,		883794634,	883794634,	883797385,	883797396,		
390,	4138,	2,	5,	1023015905,	1023016691,	1023018876,	1023024358,	1023024358,	1023024421,		883861809,	883861809,	883864414,	883864425,		
391,	4106,	2,	5,	1023082571,	1023082803,	1023084953,	1023090416,	1023090416,	1023090500,		883927990,	883927990,	883930550,	883930573,		
392,	3973,	2,	4,	1023149237,	1023149921,	1023151419,	1023156030,	1023156030,	1023156077,		883994841,	883994841,	883997466,	883997477,		
393,	3799,	2,	4,	1023215903,	1023216616,	1023217911,	1023221549,	1023221549,	1023221599,		884060682,	884060682,	884063268,	884063277,		
394,	4846,	2,	5,	1023282569,	1023283617,	1023284999,	1023288700,	1023288700,	1023288743,		884127704,	884127704,	884130286,	884130298,		
395,	4384,	2,	5,	1023349235,	1023349763,	1023353320,	1023362292,	1023362293,	1023362382,		884196903,	884196903,	884199509,	884199521,		
396,	4324,	2,	5,	1023415901,	1023416241,	1023417690,	1023421477,	1023421477,	1023421523,		884260774,	884260774,	884263891,	884263902,		
397,	4316,	2,	5,	1023482567,	1023483481,	1023485237,	1023492640,	1023492640,	1023492710,		884328223,	884328223,	884330860,	884330870,		
398,	4080,	2,	4,	1023549233,	1023549454,	1023551733,	1023558451,	1023558451,	1023558514,		884395321,	884395321,	884397994,	884398006,		
399,	3907,	2,	4,	1023615899,	1023616025,	1023618438,	1023625155,	1023625155,	1023625233,		884461408,	884461408,	884463901,	884463911,		
400,	3926,	2,	4,	1023682565,	1023683627,	1023686981,	1023692664,	1023692665,	1023692729,		884530288,	884530288,	884532865,	884532877,		
401,	3795,	2,	4,	1023749231,	1023750045,	1023752821,	1023762464,	1023762464,	1023762566,		884596136,	884596136,	884598681,	884598692,		
402,	4313,	2,	5,	1023815897,	1023816880,	1023819033,	1023825243,	1023825243,	1023825301,		884661950,	884661950,	884664481,	884664491,		
403,	4374,	2,	5,	1023882563,	1023882681,	1023887985,	1023895159,	1023895159,	1023895246,		884731075,	884731075,	884733680,	884733692,		
404,	4443,	2,	5,	1023949229,	1023949534,	1023953120,	1023959820,	1023959820,	1023959887,		884795966,	884795966,	884798677,	884798689,		
405,	4414,	2,	5,	1024015895,	1024016722,	1024018411,	1024022200,	1024022200,	1024022247,		884861910,	884861910,	884864549,	884864559,		
406,	4231,	2,	5,	1024082561,	1024083616,	1024087837,	1024094729,	1024094729,	1024094799,		884931255,	884931255,	884933901,	884933913,		
407,	4274,	2,	5,	1024149227,	1024149718,	1024152302,	1024158137,	1024158137,	1024158206,		884995018,	884995018,	884997567,	884997577,		
408,	3995,	2,	4,	1024215893,	1024216119,	1024217432,	1024220759,	1024220759,	1024220807,		885060809,	885060809,	885063566,	885063577,		
409,	3494,	2,	4,	1024282559,	1024283466,	1024286516,	1024293530,	1024293530,	1024293599,		885129270,	885129270,	885131934,	885131946,		
410,	4332,	2,	5,	1024349225,	1024349789,	1024353151,	1024359362,	1024359362,	1024359418,		885196255,	885196255,	885198744,	885198757,		
411,	4186,	2,	5,	1024415891,	1024416071,	1024418609,	1024427039,	1024427039,	1024427143,		885262129,	885262129,	885264705,	885264717,		
412,	4468,	2,	5,	1024482557,	1024483002,	1024486870,	1024493548,	1024493548,	1024493596,		885330420,	885330420,	885332986,	885332998,		
413,	4393,	2,	5,	1024549223,	1024550146,	1024552185,	1024558221,	1024558221,	1024558344,		885395042,	885395042,	885397626,	885397638,		
414,	4229,	2,	5,	1024615889,	1024616790,	1024619171,	1024626476,	1024626476,	1024626561,		885462139,	885462139,	885465071,	885465083,		
415,	4051,	2,	4,	1024682555,	1024682682,	1024685692,	1024693715,	1024693715,	1024693800,		885528452,	885528452,	885531013,	885531025,		
416,	3926,	2,	4,	1024749221,	1024750195,	1024753202,	1024759482,	1024759482,	1024759547,		885596446,	885596446,	885599027,	885599039,		
417,	3961,	2,	4,	1024815887,	1024816284,	1024819055,	1024825992,	1024825992,	1024826116,		885662473,	885662473,	885665696,	885665707,		
418,	4459,	2,	5,	1024882553,	1024882824,	1024885187,	1024894057,	1024894057,	1024894136,		885728905,	885728905,	885731457,	885731470,		
419,	4535,	2,	5,	1024949219,	1024949674,	1024953476,	1024959098,	1024959098,	1024959154,		885796995,	885796995,	885799556,	885799569,		
420,	4249,	2,	5,	1025015885,	1025016033,	1025018650,	1025023306,	1025023306,	1025023381,		885861857,	885861857,	885864469,	885864482,		
421,	4169,	2,	5,	1025082551,	1025083159,	1025084711,	1025088591,	1025088591,	1025088648,		885928128,	885928129,	885930744,	885930756,		
422,	4178,	2,	5,	1025149217,	1025149342,	1025153218,	1025160989,	1025160989,	1025161041,		885996275,	885996275,	885999405,	885999415,		
423,	4171,	2,	5,	1025215883,	1025216447,	1025218845,	1025223341,	1025223341,	1025223440,		886061548,	886061548,	886064225,	886064238,		
424,	3926,	2,	4,	1025282549,	1025282769,	1025286816,	1025293074,	1025293074,	1025293135,		886129825,	886129825,	886132322,	886132333,		
425,	3861,	2,	4,	1025349215,	1025349274,	1025352558,	1025358566,	1025358566,	1025358625,		886195738,	886195739,	886198448,	886198462,		
426,	4348,	2,	5,	1025415881,	1025416278,	1025417763,	1025421023,	1025421023,	1025421073,		886261456,	886261456,	886263963,	886263975,		
427,	4308,	2,	5,	1025482547,	1025482730,	1025484200,	1025489533,	1025489533,	1025489597,		886327409,	886327409,	886330388,	886330399,		
428,	4248,	2,	5,	1025549213,	1025550075,	1025552667,	1025561166,	1025561166,	1025561251,		886395805,	886395805,	886398383,	886398395,		
429,	4034,	2,	4,	1025615879,	1025616735,	1025619141,	1025625137,	1025625137,	1025625209,		886462755,	886462755,	886465321,	886465333,		
430,	4332,	2,	5,	1025682545,	1025683441,	1025687419,	1025693625,	1025693625,	1025693692,		886530821,	886530821,	886533572,	886533604,		
431,	4126,	2,	5,	1025749211,	1025749882,	1025752201,	1025760929,	1025760929,	1025761042,		886595794,	886595794,	886598339,	886598351,		
432,	4381,	2,	5,	1025815877,	1025816620,	1025819852,	1025828793,	1025828793,	1025828847,		886662689,	886662689,	886665291,	886665304,		
433,	3697,	2,	4,	1025882543,	1025882992,	1025885637,	1025893502,	1025893502,	1025893591,		886728569,	886728569,	886731142,	886731155,		
434,	4350,	2,	5,	1025949209,	1025949602,	1025951764,	1025959115,	1025959115,	1025959200,		886795008,	886795008,	886797507,	886797518,		
435,	4601,	2,	5,	1026015875,	1026016023,	1026018955,	1026025166,	1026025166,	1026025255,		886861801,	886861801,	886864773,	886864784,		
436,	5076,	2,	5,	1026082541,	1026083238,	1026084741,	1026088313,	1026088313,	1026088373,		886927923,	886927923,	886930492,	886930503,		
437,	4320,	2,	5,	1026149207,	1026149572,	1026151158,	1026155752,	1026155752,	1026155809,		886993891,	886993891,	886996569,	886996581,		
438,	3928,	2,	4,	1026215873,	1026216749,	1026220103,	1026225693,	1026225693,	1026225753,		887063346,	887063347,	887065943,	887065956,		
439,	3894,	2,	4,	1026282539,	1026283505,	1026285030,	1026288456,	1026288456,	1026288506,		887128091,	887128091,	887130585,	887130597,		
440,	3754,	2,	4,	1026349205,	1026349450,	1026351247,	1026355648,	1026355648,	1026355705,		887193958,	887193958,	887196706,	887196718,		
441,	3672,	2,	4,	1026415871,	1026416639,	1026420377,	1026427305,	1026427305,	1026427364,		887263349,	887263349,	887265877,	887265890,		
442,	4565,	2,	5,	1026482537,	1026483477,	1026485018,	1026489368,	1026489368,	1026489430,		887328028,	887328028,	887330501,	887330512,		
443,	4331,	2,	5,	1026549203,	1026549951,	1026552769,	1026556374,	1026556374,	1026556440,		887396190,	887396190,	887399418,	887399443,		
444,	4194,	2,	5,	1026615869,	1026616206,	1026619712,	1026626747,	1026626747,	1026626796,		887463201,	887463201,	887465805,	887465817,		
445,	4221,	2,	5,	1026682535,	1026683161,	1026685755,	1026692352,	1026692352,	1026692403,		887529196,	887529196,	887531692,	887531703,		
446,	4152,	2,	5,	1026749201,	1026750265,	1026755101,	1026760419,	1026760419,	1026760484,		887598608,	887598608,	887601158,	887601173,		
447,	4232,	2,	5,	1026815867,	1026816623,	1026819298,	1026824721,	1026824721,	1026824784,		887662026,	887662026,	887664578,	887664590,		
448,	3857,	2,	4,	1026882533,	1026883105,	1026886742,	1026895604,	1026895604,	1026895686,		887730106,	887730106,	887732685,	887732696,		
449,	4045,	2,	4,	1026949199,	1026949302,	1026953232,	1026959761,	1026959761,	1026959817,		887796144,	887796144,	887798636,	887798648,		
450,	4304,	2,	5,	1027015865,	1027016044,	1027018633,	1027025452,	1027025452,	1027025531,		887861995,	887861995,	887864554,	887864565,		
451,	4182,	2,	5,	1027082531,	1027082866,	1027086099,	1027094851,	1027094851,	1027094925,		887929019,	887929019,	887931642,	887931655,		
452,	4363,	2,	5,	1027149197,	1027149390,	1027151349,	1027156162,	1027156162,	1027156226,		887994660,	887994660,	887997180,	887997192,		
453,	4117,	2,	5,	1027215863,	1027215991,	1027219864,	1027224750,	1027224750,	1027224805,		888062552,	888062552,	888065056,	888065068,		
454,	4419,	2,	5,	1027282529,	1027283236,	1027285812,	1027294039,	1027294039,	1027294141,		888129551,	888129551,	888132058,	888132070,		
455,	4552,	2,	5,	1027349195,	1027349533,	1027353087,	1027361070,	1027361070,	1027361120,		888196335,	888196335,	888198894,	888198906,		
456,	4304,	2,	5,	1027415861,	1027416234,	1027418803,	1027425616,	1027425616,	1027425687,		888262271,	888262271,	888265070,	888265082,		
457,	3485,	2,	4,	1027482527,	1027483125,	1027485395,	1027491986,	1027491986,	1027492048,		888328313,	888328313,	888330855,	888330867,		
458,	4448,	2,	5,	1027549193,	1027549789,	1027552362,	1027558467,	1027558467,	1027558519,		888395351,	888395351,	888397754,	888397766,		
459,	4409,	2,	5,	1027615859,	1027616254,	1027619839,	1027629594,	1027629594,	1027629644,		888463500,	888463500,	888466041,	888466054,		
460,	4734,	2,	5,	1027682525,	1027682809,	1027685272,	1027691987,	1027691987,	1027692074,		888529015,	888529015,	888531513,	888531525,		
461,	4087,	2,	4,	1027749191,	1027750026,	1027753687,	1027761364,	1027761364,	1027761410,		888596884,	888596884,	888599566,	888599578,		
462,	4106,	2,	5,	1027815857,	1027816849,	1027819997,	1027826411,	1027826411,	1027826469,		888662803,	888662803,	888665506,	888665518,		
463,	3875,	2,	4,	1027882523,	1027883164,	1027885770,	1027892346,	1027892346,	1027892412,		888728832,	888728832,	888731333,	888731345,		
464,	3952,	2,	4,	1027949189,	1027949831,	1027951919,	1027959836,	1027959836,	1027959913,		888794832,	888794832,	888797495,	888797509,		
465,	3898,	2,	4,	1028015855,	1028016792,	1028019056,	1028028038,	1028028038,	1028028087,		888861711,	888861711,	888864291,	888864302,		
466,	4546,	2,	5,	1028082521,	1028082858,	1028084504,	1028087929,	1028087929,	1028087980,		888927698,	888927698,	888930224,	888930235,		
467,	4278,	2,	5,	1028149187,	1028149438,	1028151859,	1028160039,	1028160039,	1028160092,		888994751,	888994751,	888997319,	888997331,		
468,	4415,	2,	5,	1028215853,	1028216108,	1028218878,	1028226255,	1028226255,	1028226350,		889061703,	889061703,	889064281,	889064294,		
469,	4344,	2,	5,	1028282519,	1028283527,	1028286800,	1028295845,	1028295845,	1028295891,		889129911,	889129911,	889132928,	889132939,		
470,	4014,	2,	4,	1028349185,	1028350162,	1028352738,	1028359711,	1028359711,	1028359788,		889196244,	889196244,	889198721,	889198733,		
471,	4060,	2,	4,	1028415851,	1028416819,	1028419406,	1028426280,	1028426280,	1028426353,		889262071,	889262071,	889264556,	889264568,		
472,	4182,	2,	5,	1028482517,	1028483165,	1028485921,	1028492617,	1028492617,	1028492696,		889328985,	889328985,	889331568,	889331581,		
473,	3666,	2,	4,	1028549183,	1028549475,	1028550932,	1028554100,	1028554100,	1028554148,		889394644,	889394644,	889397207,	889397219,		
474,	4281,	2,	5,	1028615849,	1028616131,	1028621813,	1028628407,	1028628407,	1028628497,		889464911,	889464911,	889467414,	889467427,		
475,	4553,	2,	5,	1028682515,	1028682550,	1028685841,	1028691266,	1028691266,	1028691329,		889528551,	889528551,	889531076,	889531088,		
476,	4421,	2,	5,	1028749181,	1028749944,	1028752718,	1028758246,	1028758246,	1028758312,		889595485,	889595485,	889598032,	889598044,		
477,	4112,	2,	5,	1028815847,	1028816585,	1028819355,	1028828258,	1028828258,	1028828312,		889662715,	889662715,	889666081,	889666093,		
478,	4372,	2,	5,	1028882513,	1028883144,	1028886342,	1028892121,	1028892121,	1028892171,		889729045,	889729045,	889731713,	889731725,		
479,	4196,	2,	5,	1028949179,	1028950181,	1028952800,	1028961004,	1028961004,	1028961071,		889796206,	889796207,	889799006,	889799017,		
480,	4118,	2,	5,	1029015845,	1029016641,	1029020161,	1029026211,	1029026211,	1029026260,		889863071,	889863071,	889865613,	889865625,		
481,	3415,	2,	4,	1029082511,	1029083225,	1029085150,	1029092440,	1029092440,	1029092489,		889927908,	889927909,	889930610,	889930622,		
482,	4305,	2,	5,	1029149177,	1029150010,	1029151940,	1029157234,	1029157234,	1029157296,		889995161,	889995161,	889998931,	889998941,		
483,	4463,	2,	5,	1029215843,	1029216767,	1029219591,	1029227744,	1029227744,	1029227834,		890062346,	890062346,	890064978,	890064989,		
484,	4462,	2,	5,	1029282509,	1029282925,	1029285768,	1029296103,	1029296103,	1029296152,		890129432,	890129432,	890132030,	890132042,		
485,	4178,	2,	5,	1029349175,	1029349321,	1029351773,	1029359722,	1029359722,	1029359824,		890195512,	890195512,	890198160,	890198172,		
486,	4286,	2,	5,	1029415841,	1029416687,	1029419878,	1029428146,	1029428147,	1029428237,		890263519,	890263520,	890266076,	890266089,		
487,	4024,	2,	4,	1029482507,	1029483449,	1029484939,	1029488878,	1029488878,	1029488929,		890328308,	890328308,	890330982,	890330993,		
488,	4186,	2,	5,	1029549173,	1029550191,	1029552866,	1029558147,	1029558147,	1029558198,		890396511,	890396511,	890399097,	890399110,		
489,	3764,	2,	4,	1029615839,	1029616727,	1029622087,	1029628719,	1029628719,	1029628762,		890465714,	890465714,	890468284,	890468297,		
490,	4269,	2,	5,	1029682505,	1029683102,	1029685903,	1029693246,	1029693246,	1029693297,		890529370,	890529370,	890532158,	890532197,		
491,	4411,	2,	5,	1029749171,	1029749831,	1029754239,	1029760641,	1029760641,	1029760696,		890597626,	890597626,	890600208,	890600221,		
492,	4190,	2,	5,	1029815837,	1029816759,	1029819397,	1029825829,	1029825829,	1029825897,		890662404,	890662404,	890664971,	890664983,		
493,	4418,	2,	5,	1029882503,	1029883418,	1029886199,	1029893259,	1029893259,	1029893340,		890729521,	890729521,	890732087,	890732099,		
494,	4294,	2,	5,	1029949169,	1029949699,	1029954246,	1029960883,	1029960883,	1029960933,		890797395,	890797395,	890799892,	890799904,		
495,	4094,	2,	4,	1030015835,	1030015921,	1030018504,	1030026281,	1030026281,	1030026356,		890862188,	890862188,	890865434,	890865446,		
496,	4058,	2,	4,	1030082501,	1030083391,	1030086354,	1030092977,	1030092977,	1030093046,		890929835,	890929835,	890932372,	890932383,		
497,	3852,	2,	4,	1030149167,	1030150220,	1030151714,	1030155213,	1030155213,	1030155288,		890994715,	890994715,	890997258,	890997270,		
498,	4427,	2,	5,	1030215833,	1030216838,	1030220954,	1030229598,	1030229598,	1030229655,		891064059,	891064059,	891066796,	891066807,		
499,	4149,	2,	5,	1030282499,	1030283344,	1030287017,	1030292650,	1030292650,	1030292715,		891130032,	891130033,	891132612,	891132624,		
500,	4247,	2,	5,	1030349165,	1030349283,	1030350789,	1030354155,	1030354155,	1030354215,		891193657,	891193657,	891196462,	891196474,		
501,	4395,	2,	5,	1030415831,	1030416792,	1030419833,	1030428172,	1030428173,	1030428226,		891263176,	891263176,	891265724,	891265737,		
502,	4305,	2,	5,	1030482497,	1030483456,	1030485405,	1030492787,	1030492787,	1030492887,		891328086,	891328086,	891330590,	891330602,		
503,	4161,	2,	5,	1030549163,	1030549642,	1030552427,	1030562459,	1030562459,	1030562569,		891395193,	891395193,	891397663,	891397675,		
504,	3881,	2,	4,	1030615829,	1030616294,	1030619534,	1030625901,	1030625901,	1030625970,		891462218,	891462218,	891464785,	891464797,		
505,	4066,	2,	4,	1030682495,	1030683334,	1030685749,	1030692823,	1030692823,	1030692896,		891528906,	891528906,	891531438,	891531451,		
506,	4292,	2,	5,	1030749161,	1030749747,	1030752111,	1030757885,	1030757885,	1030757940,		891594823,	891594823,	891597407,	891597418,		
507,	4680,	2,	5,	1030815827,	1030816475,	1030819709,	1030827885,	1030827885,	1030827971,		891662701,	891662701,	891665214,	891665225,		
508,	4195,	2,	5,	1030882493,	1030882631,	1030884612,	1030889848,	1030889848,	1030889909,		891727505,	891727505,	891730233,	891730245,		
509,	4211,	2,	5,	1030949159,	1030949440,	1030953245,	1030960937,	1030960937,	1030960988,		891796915,	891796915,	891799490,	891799503,		
510,	4077,	2,	4,	1031015825,	1031016905,	1031020799,	1031028068,	1031028068,	1031028131,		891863737,	891863737,	891866340,	891866352,		
511,	4299,	2,	5,	1031082491,	1031082864,	1031085850,	1031093483,	1031093483,	1031093542,		891928670,	891928670,	891931917,	891931986,		
512,	4034,	2,	4,	1031149157,	1031150158,	1031152413,	1031159222,	1031159222,	1031159302,		891995085,	891995085,	891997653,	891997665,		
513,	3719,	2,	4,	1031215823,	1031216435,	1031219395,	1031228354,	1031228354,	1031228403,		892063090,	892063090,	892065653,	892065664,		
514,	4250,	2,	5,	1031282489,	1031283017,	1031285875,	1031291542,	1031291542,	1031291607,		892129045,	892129045,	892131507,	892131519,		
515,	4148,	2,	5,	1031349155,	1031350031,	1031353859,	1031360620,	1031360620,	1031360696,		892196878,	892196878,	892199404,	892199416,		
516,	4472,	2,	5,	1031415821,	1031416395,	1031418993,	1031425754,	1031425754,	1031425823,		892262702,	892262702,	892265597,	892265608,		
517,	4589,	2,	5,	1031482487,	1031483161,	1031486907,	1031494629,	1031494629,	1031494723,		892330091,	892330091,	892332661,	892332673,		
518,	4160,	2,	5,	1031549153,	1031549951,	1031551886,	1031556935,	1031556935,	1031556997,		892394889,	892394889,	892397485,	892397497,		
519,	4151,	2,	5,	1031615819,	1031616725,	1031619492,	1031628436,	1031628436,	1031628488,		892463131,	892463131,	892465802,	892465814,		
520,	4029,	2,	4,	1031682485,	1031683522,	1031686617,	1031695822,	1031695823,	1031695901,		892529643,	892529643,	892532183,	892532197,		
521,	3750,	2,	4,	1031749151,	1031749327,	1031752548,	1031758380,	1031758381,	1031758440,		892595289,	892595289,	892597814,	892597826,		
522,	4398,	2,	5,	1031815817,	1031816532,	1031819290,	1031826623,	1031826623,	1031826704,		892662310,	892662310,	892664810,	892664824,		
523,	4257,	2,	5,	1031882483,	1031882849,	1031884626,	1031889399,	1031889399,	1031889474,		892727895,	892727895,	892730452,	892730464,		
524,	4244,	2,	5,	1031949149,	1031949613,	1031951633,	1031957054,	1031957054,	1031957120,		892795011,	892795011,	892798239,	892798258,		
525,	4965,	2,	5,	1032015815,	1032016301,	1032021818,	1032028524,	1032028525,	1032028597,		892864644,	892864644,	892867158,	892867170,		
526,	4131,	2,	5,	1032082481,	1032082901,	1032085441,	1032091856,	1032091856,	1032091923,		892928289,	892928289,	892930905,	892930917,		
527,	3988,	2,	4,	1032149147,	1032149449,	1032151648,	1032159017,	1032159017,	1032159080,		892994324,	892994324,	892996838,	892996851,		
528,	3834,	2,	4,	1032215813,	1032216504,	1032219017,	1032225093,	1032225093,	1032225153,		893062269,	893062269,	893064885,	893064897,		
529,	4267,	2,	5,	1032282479,	1032282706,	1032284030,	1032287360,	1032287360,	1032287412,		893127058,	893127058,	893130266,	893130277,		
530,	4263,	2,	5,	1032349145,	1032349211,	1032351830,	1032357441,	1032357441,	1032357565,		893194643,	893194643,	893197253,	893197266,		
531,	4484,	2,	5,	1032415811,	1032416120,	1032417715,	1032421160,	1032421160,	1032421205,		893260579,	893260579,	893263148,	893263159,		
532,	4297,	2,	5,	1032482477,	1032482634,	1032484123,	1032490236,	1032490236,	1032490307,		893327754,	893327754,	893330695,	893330712,		
533,	4100,	2,	5,	1032549143,	1032550204,	1032552999,	1032562227,	1032562227,	1032562332,		893396028,	893396028,	893398577,	893398589,		
534,	4206,	2,	5,	1032615809,	1032616154,	1032617583,	1032620882,	1032620882,	1032620928,		893460653,	893460653,	893463129,	893463141,		
535,	4303,	2,	5,	1032682475,	1032682977,	1032684471,	1032687783,	1032687783,	1032687828,		893527499,	893527499,	893530074,	893530086,		
536,	4158,	2,	5,	1032749141,	1032749158,	1032751107,	1032756999,	1032756999,	1032757065,		893594520,	893594520,	893596983,	893596994,		
537,	3691,	2,	4,	1032815807,	1032816429,	1032818906,	1032825132,	1032825132,	1032825191,		893662455,	893662456,	893665473,	893665519,		
538,	4156,	2,	5,	1032882473,	1032882650,	1032884127,	1032887355,	1032887355,	1032887399,		893727811,	893727811,	893730270,	893730282,		
539,	4446,	2,	5,	1032949139,	1032949158,	1032952531,	1032958459,	1032958459,	1032958507,		893795840,	893795840,	893798408,	893798420,		
540,	4394,	2,	5,	1033015805,	1033016253,	1033019524,	1033027828,	1033027828,	1033027919,		893862979,	893862979,	893865637,	893865649,		
541,	4165,	2,	5,	1033082471,	1033083094,	1033087057,	1033094307,	1033094307,	1033094353,		893929715,	893929716,	893932306,	893932319,		
542,	4141,	2,	5,	1033149137,	1033149383,	1033151239,	1033156129,	1033156129,	1033156204,		893994471,	893994471,	893997439,	893997452,		
543,	4185,	2,	5,	1033215803,	1033216595,	1033219537,	1033224622,	1033224622,	1033224678,		894062752,	894062752,	894065367,	894065380,		
544,	4418,	2,	5,	1033282469,	1033283223,	1033289016,	1033295529,	1033295529,	1033295604,		894131874,	894131874,	894134553,	894134564,		
545,	3802,	2,	4,	1033349135,	1033350113,	1033352579,	1033357204,	1033357204,	1033357280,		894195818,	894195818,	894199345,	894199357,		
546,	4162,	2,	5,	1033415801,	1033415930,	1033418083,	1033424832,	1033424832,	1033424889,		894261051,	894261051,	894263512,	894263525,		
547,	4228,	2,	5,	1033482467,	1033482856,	1033485838,	1033492083,	1033492084,	1033492150,		894328732,	894328732,	894331327,	894331340,		
548,	4158,	2,	5,	1033549133,	1033549712,	1033552107,	1033557933,	1033557933,	1033557982,		894395679,	894395679,	894398217,	894398229,		
549,	4091,	2,	4,	1033615799,	1033616306,	1033618474,	1033624947,	1033624947,	1033625000,		894461143,	894461143,	894463668,	894463680,		
550,	4286,	2,	5,	1033682465,	1033682928,	1033685894,	1033693341,	1033693341,	1033693428,		894528992,	894528992,	894531775,	894531798,		
551,	4177,	2,	5,	1033749131,	1033749633,	1033752952,	1033761134,	1033761134,	1033761193,		894596239,	894596239,	894598807,	894598819,		
552,	4276,	2,	5,	1033815797,	1033816204,	1033819100,	1033826232,	1033826232,	1033826307,		894661909,	894661909,	894664442,	894664456,		
553,	4047,	2,	4,	1033882463,	1033882652,	1033885232,	1033891563,	1033891563,	1033891626,		894728854,	894728854,	894731446,	894731458,		
554,	4351,	2,	5,	1033949129,	1033949522,	1033950996,	1033956436,	1033956436,	1033956503,		894794435,	894794435,	894797058,	894797071,		
555,	4214,	2,	5,	1034015795,	1034015982,	1034017820,	1034022588,	1034022588,	1034022650,		894861326,	894861326,	894863964,	894863975,		
556,	4382,	2,	5,	1034082461,	1034082656,	1034087869,	1034093922,	1034093922,	1034093971,		894930595,	894930596,	894933210,	894933222,		
557,	4240,	2,	5,	1034149127,	1034149414,	1034153351,	1034158952,	1034158952,	1034159009,		894996590,	894996590,	894999098,	894999110,		
558,	4208,	2,	5,	1034215793,	1034216496,	1034217974,	1034221159,	1034221159,	1034221204,		895061399,	895061399,	895064105,	895064119,		
559,	4071,	2,	4,	1034282459,	1034282860,	1034285443,	1034292470,	1034292470,	1034292545,		895128894,	895128894,	895131402,	895131414,		
560,	4453,	2,	5,	1034349125,	1034349475,	1034352245,	1034360681,	1034360681,	1034360735,		895195204,	895195205,	895197798,	895197810,		
561,	3976,	2,	4,	1034415791,	1034416482,	1034419356,	1034424996,	1034424996,	1034425054,		895262123,	895262123,	895264770,	895264782,		
562,	4276,	2,	5,	1034482457,	1034482474,	1034483997,	1034487395,	1034487395,	1034487443,		895326987,	895326987,	895329591,	895329605,		
563,	4514,	2,	5,	1034549123,	1034549862,	1034552498,	1034559786,	1034559786,	1034559865,		895395222,	895395222,	895398032,	895398044,		
564,	4296,	2,	5,	1034615789,	1034615952,	1034619007,	1034627222,	1034627222,	1034627300,		895462453,	895462453,	895465116,	895465128,		
565,	4261,	2,	5,	1034682455,	1034683443,	1034686100,	1034695277,	1034695277,	1034695392,		895529621,	895529621,	895532270,	895532282,		
566,	4097,	2,	5,	1034749121,	1034749483,	1034754185,	1034761745,	1034761745,	1034761795,		895597921,	895597921,	895600758,	895600769,		
567,	4706,	2,	5,	1034815787,	1034816247,	1034818516,	1034823972,	1034823972,	1034824055,		895661892,	895661892,	895664401,	895664414,		
568,	3954,	2,	4,	1034882453,	1034882965,	1034885942,	1034891369,	1034891369,	1034891431,		895728788,	895728788,	895731443,	895731453,		
569,	3336,	2,	4,	1034949119,	1034949610,	1034951530,	1034958036,	1034958036,	1034958128,		895794888,	895794888,	895797333,	895797346,		
570,	4401,	2,	5,	1035015785,	1035016610,	1035018834,	1035023951,	1035023952,	1035024047,		895861603,	895861603,	895864084,	895864095,		
571,	4820,	2,	5,	1035082451,	1035083401,	1035085949,	1035091589,	1035091589,	1035091659,		895928637,	895928637,	895931840,	895931851,		
572,	4698,	2,	5,	1035149117,	1035149117,	1035151394,	1035157275,	1035157275,	1035157337,		895994990,	895994990,	895997450,	895997461,		
573,	4005,	2,	4,	1035215783,	1035216380,	1035218996,	1035225762,	1035225762,	1035225840,		896062707,	896062707,	896065302,	896065313,		
574,	3801,	2,	4,	1035282449,	1035282657,	1035285291,	1035292793,	1035292793,	1035292881,		896128740,	896128740,	896131308,	896131320,		
575,	4037,	2,	4,	1035349115,	1035349428,	1035351754,	1035358455,	1035358456,	1035358510,		896194522,	896194522,	896197044,	896197056,		
576,	3821,	2,	4,	1035415781,	1035415927,	1035418488,	1035424934,	1035424934,	1035424989,		896261506,	896261506,	896264936,	896264947,		
577,	3788,	2,	4,	1035482447,	1035483277,	1035485353,	1035491264,	1035491264,	1035491336,		896328254,	896328254,	896330752,	896330764,		
578,	4291,	2,	5,	1035549113,	1035549703,	1035552683,	1035557901,	1035557901,	1035557956,		896396325,	896396325,	896398837,	896398849,		
579,	4190,	2,	5,	1035615779,	1035616365,	1035619546,	1035624570,	1035624570,	1035624617,		896462338,	896462338,	896465052,	896465063,		
580,	4168,	2,	5,	1035682445,	1035682538,	1035684037,	1035688278,	1035688279,	1035688335,		896527088,	896527088,	896529646,	896529660,		
581,	4236,	2,	5,	1035749111,	1035749889,	1035752711,	1035759061,	1035759061,	1035759129,		896596170,	896596170,	896598760,	896598771,		
582,	4206,	2,	5,	1035815777,	1035816283,	1035818554,	1035823982,	1035823982,	1035824049,		896662052,	896662052,	896664533,	896664544,		
583,	4082,	2,	4,	1035882443,	1035883004,	1035885589,	1035891321,	1035891321,	1035891378,		896728839,	896728839,	896731423,	896731436,		
584,	4153,	2,	5,	1035949109,	1035949946,	1035954573,	1035963960,	1035963961,	1035964062,		896798067,	896798067,	896800652,	896800664,		
585,	4089,	2,	4,	1036015775,	1036016150,	1036018721,	1036025424,	1036025424,	1036025502,		896861825,	896861825,	896864384,	896864395,		
586,	4342,	2,	5,	1036082441,	1036082486,	1036085427,	1036094029,	1036094029,	1036094129,		896928927,	896928927,	896931441,	896931453,		
587,	4338,	2,	5,	1036149107,	1036149750,	1036151238,	1036156274,	1036156274,	1036156341,		896993909,	896993909,	896996487,	896996501,		
588,	4317,	2,	5,	1036215773,	1036215964,	1036221683,	1036230999,	1036230999,	1036231055,		897065294,	897065294,	897067812,	897067824,		
589,	4819,	2,	5,	1036282439,	1036283225,	1036284908,	1036289746,	1036289746,	1036289809,		897127732,	897127732,	897130277,	897130289,		
590,	4653,	2,	5,	1036349105,	1036349720,	1036351990,	1036358161,	1036358161,	1036358225,		897194861,	897194861,	897197490,	897197502,		
591,	3890,	2,	4,	1036415771,	1036416822,	1036420108,	1036426750,	1036426750,	1036426825,		897262927,	897262927,	897265586,	897265598,		
592,	3673,	2,	4,	1036482437,	1036483143,	1036485296,	1036489778,	1036489778,	1036489829,		897328929,	897328929,	897331994,	897332019,		
593,	3459,	2,	4,	1036549103,	1036549752,	1036553021,	1036561067,	1036561067,	1036561129,		897396528,	897396528,	897399131,	897399144,		
594,	4260,	2,	5,	1036615769,	1036615864,	1036618183,	1036625309,	1036625309,	1036625387,		897461353,	897461354,	897463961,	897463974,		
595,	4382,	2,	5,	1036682435,	1036682723,	1036685058,	1036691701,	1036691701,	1036691779,		897528500,	897528500,	897531203,	897531216,		
596,	4455,	2,	5,	1036749101,	1036750092,	1036752153,	1036756569,	1036756569,	1036756620,		897595524,	897595525,	897598147,	897598160,		
597,	4099,	2,	5,	1036815767,	1036815869,	1036819191,	1036828686,	1036828686,	1036828778,		897662831,	897662831,	897667319,	897667335,		
598,	4227,	2,	5,	1036882433,	1036883211,	1036885419,	1036894343,	1036894344,	1036894447,		897728376,	897728376,	897731059,	897731071,		
599,	4164,	2,	5,	1036949099,	1036950036,	1036952225,	1036958107,	1036958108,	1036958180,		897795493,	897795493,	897798117,	897798129,		
600,	4085,	2,	4,	1037015765,	1037016808,	1037019794,	1037024637,	1037024637,	1037024787,		897862646,	897862646,	897865621,	897865632,		
601,	3751,	2,	4,	1037082431,	1037083214,	1037085089,	1037091505,	1037091505,	1037091584,		897927782,	897927782,	897930489,	897930502,		
602,	4494,	2,	5,	1037149097,	1037149281,	1037153921,	1037160512,	1037160512,	1037160594,		897997241,	897997241,	897999884,	897999897,		
603,	4193,	2,	5,	1037215763,	1037216274,	1037218754,	1037224940,	1037224940,	1037225018,		898062146,	898062146,	898064820,	898064833,		
604,	4584,	2,	5,	1037282429,	1037282429,	1037285499,	1037293138,	1037293138,	1037293188,		898129193,	898129193,	898131710,	898131723,		
605,	4287,	2,	5,	1037349095,	1037349740,	1037352248,	1037358163,	1037358163,	1037358225,		898195025,	898195025,	898198152,	898198164,		
606,	4179,	2,	5,	1037415761,	1037416193,	1037419306,	1037427192,	1037427192,	1037427284,		898262548,	898262548,	898265202,	898265215,		
607,	4069,	2,	4,	1037482427,	1037483451,	1037485855,	1037491546,	1037491546,	1037491616,		898329595,	898329595,	898332092,	898332104,		
608,	3787,	2,	4,	1037549093,	1037549796,	1037552173,	1037560944,	1037560944,	1037561009,		898395523,	898395523,	898398082,	898398096,		
609,	4009,	2,	4,	1037615759,	1037616431,	1037619258,	1037625703,	1037625703,	1037625757,		898462415,	898462415,	898464868,	898464880,		
610,	4315,	2,	5,	1037682425,	1037682623,	1037684805,	1037691351,	1037691351,	1037691425,		898528247,	898528247,	898530803,	898530814,		
611,	4133,	2,	5,	1037749091,	1037749864,	1037753782,	1037761440,	1037761440,	1037761495,		898597500,	898597500,	898600051,	898600063,		
612,	4233,	1,	5,	1037815757,	1037816668,	1037819456,	1037825499,	1037825499,	1037825551,		0,	0,	0,	0,		
