0,	18225,	2,	18,	4655106235,	4655106235,	4655237799,	4655240792,	4655240792,	4655240872,		4655441004,	4655441004,	4655443936,	4655443965,		
1,	28102,	2,	28,	4655172901,	4655241015,	4655268407,	4655272139,	4655272139,	4655272238,		4655471648,	4655471648,	4655474690,	4655474813,		
2,	28175,	2,	28,	4655239567,	4655272300,	4655299785,	4655302972,	4655302972,	4655303124,		4655503550,	4655503550,	4655505675,	4655505689,		
3,	28196,	2,	28,	4655306233,	4655306363,	4655336101,	4655339625,	4655339625,	4655340130,		4655539694,	4655539694,	4655541661,	4655541666,		
4,	28286,	2,	28,	4655372899,	4655373365,	4655375659,	4655378896,	4655378896,	4655379007,		4655579031,	4655579031,	4655581931,	4655581940,		
5,	28251,	2,	28,	4655439565,	4655440245,	4655442558,	4655445860,	4655445860,	4655446011,		4655646415,	4655646415,	4655652908,	4655652922,		
6,	28272,	2,	28,	4655506231,	4655507117,	4655509726,	4655513355,	4655513355,	4655513475,		4655713701,	4655713701,	4655716665,	4655716671,		
7,	28226,	2,	28,	4655572897,	4655573036,	4655574592,	4655577246,	4655577246,	4655577365,		4655778531,	4655778532,	4655784759,	4655784784,		
8,	28229,	2,	28,	4655639563,	4655640282,	4655643250,	4655650501,	4655650502,	4655651658,		4655847318,	4655847318,	4655849794,	4655849801,		
9,	28179,	2,	28,	4655706229,	4655706415,	4655709877,	4655713655,	4655713655,	4655713797,		4655913043,	4655913043,	4655913099,	4655913107,		
10,	28184,	2,	28,	4655772895,	4655773203,	4655776702,	4655781607,	4655781607,	4655781773,		4655980694,	4655980695,	4655983258,	4655983265,		
11,	28282,	2,	28,	4655839561,	4655840204,	4655842239,	4655846004,	4655846004,	4655846151,		4656045394,	4656045394,	4656048038,	4656048045,		
12,	28187,	2,	28,	4655906227,	4655906482,	4655910721,	4655917288,	4655917288,	4655917407,		4656114830,	4656114830,	4656116780,	4656116798,		
13,	28217,	2,	28,	4655972893,	4655973198,	4655978270,	4655982356,	4655982356,	4655982457,		4656181368,	4656181368,	4656186600,	4656186610,		
14,	28293,	2,	28,	4656039559,	4656039774,	4656041623,	4656044947,	4656044947,	4656045076,		4656245268,	4656245268,	4656249416,	4656249423,		
15,	28280,	2,	28,	4656106225,	4656106974,	4656109393,	4656113594,	4656113594,	4656113770,		4656312507,	4656312508,	4656315836,	4656315851,		
16,	28180,	2,	28,	4656172891,	4656173464,	4656177663,	4656184407,	4656184408,	4656185178,		4656382014,	4656382014,	4656385892,	4656385896,		
17,	28240,	2,	28,	4656239557,	4656239568,	4656244755,	4656249748,	4656249748,	4656249852,		4656448368,	4656448368,	4656452978,	4656452989,		
18,	28225,	2,	28,	4656306223,	4656307197,	4656309440,	4656313580,	4656313580,	4656313735,		4656512615,	4656512615,	4656518038,	4656518050,		
19,	28243,	2,	28,	4656372889,	4656372894,	4656375833,	4656381126,	4656381126,	4656381314,		4656579224,	4656579224,	4656584945,	4656584954,		
20,	28172,	2,	28,	4656439555,	4656440568,	4656443680,	4656448520,	4656448520,	4656448706,		4656646890,	4656646890,	4656649624,	4656649640,		
21,	28279,	2,	28,	4656506221,	4656506824,	4656510320,	4656516139,	4656516139,	4656516279,		4656713431,	4656713432,	4656716850,	4656716857,		
22,	28184,	2,	28,	4656572887,	4656572967,	4656575278,	4656581984,	4656581984,	4656582556,		4656778508,	4656778508,	4656780526,	4656780535,		
23,	28151,	2,	28,	4656639553,	4656640432,	4656642646,	4656645569,	4656645569,	4656645678,		4656845692,	4656845693,	4656849039,	4656849079,		
24,	28123,	2,	28,	4656706219,	4656706328,	4656709204,	4656712428,	4656712428,	4656712555,		4656912658,	4656912658,	4656915073,	4656915080,		
25,	28189,	2,	28,	4656772885,	4656773228,	4656775771,	4656778682,	4656778682,	4656778796,		4656979417,	4656979417,	4656981433,	4656981439,		
26,	28195,	2,	28,	4656839551,	4656840408,	4656842599,	4656846348,	4656846348,	4656846524,		4657046301,	4657046301,	4657048624,	4657048664,		
27,	28239,	2,	28,	4656906217,	4656907006,	4656908670,	4656910948,	4656910948,	4656911070,		4657112217,	4657112217,	4657114973,	4657114984,		
28,	28177,	2,	28,	4656972883,	4656973686,	4656975022,	4656977285,	4656977285,	4656977381,		4657178996,	4657178996,	4657180780,	4657180786,		
29,	28152,	2,	28,	4657039549,	4657040038,	4657042365,	4657045704,	4657045704,	4657045822,		4657245511,	4657245511,	4657248383,	4657248387,		
30,	28163,	2,	28,	4657106215,	4657106650,	4657109039,	4657111884,	4657111884,	4657112015,		4657313031,	4657313032,	4657316025,	4657316037,		
31,	28165,	2,	28,	4657172881,	4657173801,	4657175650,	4657178042,	4657178042,	4657178153,		4657378762,	4657378762,	4657380824,	4657380835,		
32,	28188,	2,	28,	4657239547,	4657239843,	4657241356,	4657243556,	4657243556,	4657243709,		4657444939,	4657444939,	4657446827,	4657446837,		
33,	28157,	2,	28,	4657306213,	4657306448,	4657308050,	4657310250,	4657310250,	4657310414,		4657511621,	4657511621,	4657514522,	4657514530,		
34,	28210,	2,	28,	4657372879,	4657373164,	4657374861,	4657377668,	4657377668,	4657377807,		4657578599,	4657578599,	4657581079,	4657581092,		
35,	28109,	2,	28,	4657439545,	4657440389,	4657442801,	4657446944,	4657446944,	4657447089,		4657646314,	4657646314,	4657648941,	4657648955,		
36,	28245,	2,	28,	4657506211,	4657506614,	4657509431,	4657513746,	4657513746,	4657513884,		4657712730,	4657712730,	4657717468,	4657717486,		
37,	28216,	2,	28,	4657572877,	4657573712,	4657575892,	4657579145,	4657579145,	4657579259,		4657779439,	4657779439,	4657782243,	4657782249,		
38,	28279,	2,	28,	4657639543,	4657639865,	4657641536,	4657644383,	4657644383,	4657644532,		4657845604,	4657845605,	4657848926,	4657848932,		
39,	28203,	2,	28,	4657706209,	4657706388,	4657709031,	4657714326,	4657714326,	4657714497,		4657912848,	4657912848,	4657915628,	4657915635,		
40,	28220,	2,	28,	4657772875,	4657773086,	4657775533,	4657778191,	4657778191,	4657778309,		4657979513,	4657979513,	4657984379,	4657984402,		
41,	28181,	2,	28,	4657839541,	4657840298,	4657843399,	4657847769,	4657847769,	4657847957,		4658047117,	4658047117,	4658051188,	4658051198,		
42,	28121,	2,	28,	4657906207,	4657906727,	4657911103,	4657915010,	4657915010,	4657915171,		4658114607,	4658114607,	4658117537,	4658117547,		
43,	28241,	2,	28,	4657972873,	4657973072,	4657976733,	4657982351,	4657982351,	4657982573,		4658180706,	4658180706,	4658184730,	4658184741,		
44,	28253,	2,	28,	4658039539,	4658040094,	4658044289,	4658049346,	4658049346,	4658049507,		4658248299,	4658248299,	4658251099,	4658251106,		
45,	28287,	2,	28,	4658106205,	4658107155,	4658110037,	4658113706,	4658113706,	4658113865,		4658313107,	4658313107,	4658317671,	4658317676,		
46,	28231,	2,	28,	4658172871,	4658173337,	4658177188,	4658182106,	4658182107,	4658182284,		4658380728,	4658380728,	4658384302,	4658384309,		
47,	28129,	2,	28,	4658239537,	4658239742,	4658242159,	4658246556,	4658246557,	4658246735,		4658446058,	4658446058,	4658450438,	4658450450,		
48,	28257,	2,	28,	4658306203,	4658306806,	4658310382,	4658316290,	4658316291,	4658316425,		4658513838,	4658513838,	4658519203,	4658519211,		
49,	28012,	2,	28,	4658372869,	4658373195,	4658377113,	4658383236,	4658383237,	4658383382,		4658580227,	4658580227,	4658583375,	4658583381,		
50,	28229,	2,	28,	4658439535,	4658440366,	4658443633,	4658448633,	4658448633,	4658448845,		4658647390,	4658647390,	4658651697,	4658651706,		
51,	28230,	2,	28,	4658506201,	4658507063,	4658512147,	4658516411,	4658516411,	4658516644,		4658716187,	4658716188,	4658720307,	4658720316,		
52,	28041,	2,	28,	4658572867,	4658573527,	4658576514,	4658581640,	4658581640,	4658581850,		4658780042,	4658780042,	4658782597,	4658782604,		
53,	27926,	2,	28,	4658639533,	4658639928,	4658644720,	4658649876,	4658649876,	4658650035,		4658848297,	4658848297,	4658854606,	4658854623,		
54,	27574,	2,	27,	4658706199,	4658707080,	4658709858,	4658715556,	4658715556,	4658715754,		4658913038,	4658913039,	4658917980,	4658917997,		
55,	27391,	2,	27,	4658772865,	4658773452,	4658776295,	4658781109,	4658781109,	4658781251,		4658979961,	4658979961,	4658983395,	4658983418,		
56,	27083,	2,	27,	4658839531,	4658840157,	4658843977,	4658849226,	4658849226,	4658849443,		4659047471,	4659047471,	4659050248,	4659050255,		
57,	27037,	2,	27,	4658906197,	4658907065,	4658910620,	4658916409,	4658916409,	4658917273,		4659114282,	4659114282,	4659117378,	4659117435,		
58,	26963,	2,	27,	4658972863,	4658973672,	4658975441,	4658978443,	4658978443,	4658978575,		4659178850,	4659178850,	4659181626,	4659181647,		
59,	26815,	2,	27,	4659039529,	4659039721,	4659042933,	4659046055,	4659046055,	4659046164,		4659246674,	4659246675,	4659251280,	4659251299,		
60,	26927,	2,	27,	4659106195,	4659106811,	4659109345,	4659113249,	4659113249,	4659113410,		4659313021,	4659313021,	4659316877,	4659316889,		
61,	26988,	2,	27,	4659172861,	4659173415,	4659177812,	4659181264,	4659181264,	4659181361,		4659381199,	4659381199,	4659385615,	4659385628,		
62,	27223,	2,	27,	4659239527,	4659240037,	4659242732,	4659246496,	4659246496,	4659246648,		4659446189,	4659446189,	4659449248,	4659449260,		
63,	27344,	2,	27,	4659306193,	4659306684,	4659309072,	4659313394,	4659313395,	4659313584,		4659512157,	4659512157,	4659514798,	4659514811,		
64,	27543,	2,	27,	4659372859,	4659373417,	4659376452,	4659381807,	4659381807,	4659381981,		4659580036,	4659580036,	4659581807,	4659581817,		
65,	27950,	2,	28,	4659439525,	4659440402,	4659442295,	4659446153,	4659446153,	4659446309,		4659645704,	4659645704,	4659650194,	4659650205,		
66,	28364,	2,	28,	4659506191,	4659506967,	4659509816,	4659514451,	4659514451,	4659514600,		4659713026,	4659713026,	4659715798,	4659715809,		
67,	28463,	2,	28,	4659572857,	4659573351,	4659574861,	4659577087,	4659577087,	4659577193,		4659778771,	4659778771,	4659781782,	4659781791,		
68,	28559,	2,	28,	4659639523,	4659640042,	4659642380,	4659646333,	4659646333,	4659646516,		4659845527,	4659845527,	4659848675,	4659848680,		
69,	28320,	2,	28,	4659706189,	4659706410,	4659709358,	4659713587,	4659713587,	4659713718,		4659912432,	4659912432,	4659918348,	4659918362,		
70,	28242,	2,	28,	4659772855,	4659773417,	4659774818,	4659777888,	4659777888,	4659778026,		4659977992,	4659977992,	4659981427,	4659981431,		
71,	27790,	2,	28,	4659839521,	4659839752,	4659842982,	4659847683,	4659847683,	4659847864,		4660046725,	4660046725,	4660050433,	4660050442,		
72,	27455,	2,	27,	4659906187,	4659906272,	4659909342,	4659915195,	4659915195,	4659915403,		4660112389,	4660112389,	4660114992,	4660115015,		
73,	27332,	2,	27,	4659972853,	4659972870,	4659975156,	4659979850,	4659979850,	4659980078,		4660178520,	4660178520,	4660182496,	4660182501,		
74,	26860,	2,	27,	4660039519,	4660039623,	4660044302,	4660049256,	4660049256,	4660049374,		4660248102,	4660248102,	4660253373,	4660253394,		
75,	26852,	2,	27,	4660106185,	4660106771,	4660111108,	4660114993,	4660114993,	4660115152,		4660314582,	4660314582,	4660318021,	4660318026,		
76,	26775,	2,	27,	4660172851,	4660173683,	4660176783,	4660181166,	4660181166,	4660181286,		4660379878,	4660379878,	4660382937,	4660382950,		
77,	26713,	2,	27,	4660239517,	4660239643,	4660243574,	4660248569,	4660248569,	4660249770,		4660447406,	4660447406,	4660449551,	4660449555,		
78,	26642,	2,	27,	4660306183,	4660306397,	4660310046,	4660316296,	4660316296,	4660316401,		4660513724,	4660513724,	4660516021,	4660516039,		
79,	26599,	2,	26,	4660372849,	4660373557,	4660379393,	4660383513,	4660383514,	4660383622,		4660582818,	4660582818,	4660588831,	4660588845,		
80,	26833,	2,	27,	4660439515,	4660440023,	4660442875,	4660445629,	4660445629,	4660445744,		4660646369,	4660646369,	4660652116,	4660652123,		
81,	26792,	2,	27,	4660506181,	4660506379,	4660509435,	4660512071,	4660512071,	4660512175,		4660713257,	4660713258,	4660716681,	4660716696,		
82,	26757,	2,	27,	4660572847,	4660573288,	4660577136,	4660584977,	4660584977,	4660585477,		4660780184,	4660780184,	4660782959,	4660782967,		
83,	26612,	2,	26,	4660639513,	4660639896,	4660642875,	4660648269,	4660648269,	4660648486,		4660846538,	4660846538,	4660849966,	4660849974,		
84,	26890,	2,	27,	4660706179,	4660706325,	4660710849,	4660715794,	4660715794,	4660715963,		4660914393,	4660914393,	4660918113,	4660918122,		
85,	26835,	2,	27,	4660772845,	4660773442,	4660777333,	4660781967,	4660781967,	4660782113,		4660981008,	4660981009,	4660983525,	4660983532,		
86,	26977,	2,	27,	4660839511,	4660839555,	4660843680,	4660847125,	4660847125,	4660847270,		4661047443,	4661047443,	4661051218,	4661051226,		
87,	27168,	2,	27,	4660906177,	4660906893,	4660911238,	4660917249,	4660917250,	4660917388,		4661114732,	4661114732,	4661118849,	4661118854,		
88,	27391,	2,	27,	4660972843,	4660973724,	4660977289,	4660981743,	4660981743,	4660981869,		4661180365,	4661180365,	4661182634,	4661182641,		
89,	27566,	2,	27,	4661039509,	4661039512,	4661044762,	4661049956,	4661049956,	4661050138,		4661247824,	4661247824,	4661254251,	4661254263,		
90,	27884,	2,	28,	4661106175,	4661106250,	4661109188,	4661113668,	4661113668,	4661113827,		4661312624,	4661312624,	4661318452,	4661318462,		
91,	28110,	2,	28,	4661172841,	4661173422,	4661176353,	4661179236,	4661179236,	4661179353,		4661379961,	4661379962,	4661383761,	4661383777,		
92,	28497,	2,	28,	4661239507,	4661240136,	4661244468,	4661252422,	4661252423,	4661252563,		4661447711,	4661447711,	4661452665,	4661452677,		
93,	28541,	2,	28,	4661306173,	4661307041,	4661309629,	4661314292,	4661314292,	4661315096,		4661512964,	4661512964,	4661516039,	4661516044,		
94,	28694,	2,	29,	4661372839,	4661373710,	4661379379,	4661384923,	4661384924,	4661385102,		4661582858,	4661582859,	4661586746,	4661586761,		
95,	28643,	2,	28,	4661439505,	4661440242,	4661443414,	4661449331,	4661449331,	4661449546,		4661646467,	4661646467,	4661649859,	4661649869,		
96,	28556,	2,	28,	4661506171,	4661507181,	4661510497,	4661514666,	4661514666,	4661514848,		4661713572,	4661713572,	4661717463,	4661717468,		
97,	28444,	2,	28,	4661572837,	4661573306,	4661576848,	4661584351,	4661584351,	4661584468,		4661780439,	4661780439,	4661783461,	4661783469,		
98,	28578,	2,	28,	4661639503,	4661639786,	4661641550,	4661644586,	4661644586,	4661644714,		4661844644,	4661844644,	4661848706,	4661848718,		
99,	28381,	2,	28,	4661706169,	4661707086,	4661711082,	4661716548,	4661716548,	4661716670,		4661915187,	4661915187,	4661918784,	4661918794,		
100,	28070,	2,	28,	4661772835,	4661773862,	4661776975,	4661781650,	4661781650,	4661781797,		4661980892,	4661980892,	4661984244,	4661984253,		
101,	27652,	2,	28,	4661839501,	4661839523,	4661843597,	4661848342,	4661848342,	4661848481,		4662047528,	4662047528,	4662051298,	4662051304,		
102,	27267,	2,	27,	4661906167,	4661907083,	4661910750,	4661917213,	4661917213,	4661917332,		4662114025,	4662114025,	4662117659,	4662117667,		
103,	27066,	2,	27,	4661972833,	4661973889,	4661977484,	4661981897,	4661981897,	4661982046,		4662180921,	4662180921,	4662184652,	4662184663,		
104,	26818,	2,	27,	4662039499,	4662039959,	4662046189,	4662051267,	4662051267,	4662051392,		4662250159,	4662250159,	4662255013,	4662255024,		
105,	26783,	2,	27,	4662106165,	4662106970,	4662109606,	4662113505,	4662113505,	4662113626,		4662313652,	4662313652,	4662317330,	4662317337,		
106,	26698,	2,	27,	4662172831,	4662173117,	4662175907,	4662181099,	4662181100,	4662181316,		4662379106,	4662379106,	4662383219,	4662383276,		
107,	26766,	2,	27,	4662239497,	4662240524,	4662244618,	4662252333,	4662252333,	4662252464,		4662447708,	4662447708,	4662451184,	4662451192,		
108,	26616,	2,	26,	4662306163,	4662306166,	4662308065,	4662314198,	4662314198,	4662314427,		4662512178,	4662512178,	4662515242,	4662515249,		
109,	26566,	2,	26,	4662372829,	4662373352,	4662377797,	4662382792,	4662382793,	4662382948,		4662581836,	4662581836,	4662586380,	4662586390,		
110,	26639,	2,	27,	4662439495,	4662440550,	4662444117,	4662449148,	4662449149,	4662449272,		4662647814,	4662647814,	4662651112,	4662651117,		
111,	26819,	2,	27,	4662506161,	4662506251,	4662508655,	4662512016,	4662512016,	4662512154,		4662712483,	4662712483,	4662717488,	4662717499,		
112,	26939,	2,	27,	4662572827,	4662572966,	4662577322,	4662585185,	4662585185,	4662585776,		4662780971,	4662780971,	4662783622,	4662783630,		
113,	26937,	2,	27,	4662639493,	4662640149,	4662643121,	4662648766,	4662648767,	4662648961,		4662846638,	4662846638,	4662849156,	4662849165,		
114,	27114,	2,	27,	4662706159,	4662707158,	4662714216,	4662718991,	4662718991,	4662719097,		4662918260,	4662918260,	4662921284,	4662921291,		
115,	27290,	2,	27,	4662772825,	4662773739,	4662776949,	4662781409,	4662781409,	4662781530,		4662980180,	4662980180,	4662985119,	4662985126,		
116,	27607,	2,	27,	4662839491,	4662840302,	4662844094,	4662847062,	4662847062,	4662847178,		4663047437,	4663047437,	4663049672,	4663049677,		
117,	27743,	2,	28,	4662906157,	4662906705,	4662910314,	4662914455,	4662914455,	4662914590,		4663113993,	4663113993,	4663117506,	4663117516,		
118,	28308,	2,	28,	4662972823,	4662973842,	4662977208,	4662984059,	4662984059,	4662984171,		4663180805,	4663180805,	4663183014,	4663183021,		
119,	28617,	2,	28,	4663039489,	4663040561,	4663044697,	4663049074,	4663049074,	4663049173,		4663248450,	4663248450,	4663254471,	4663254494,		
120,	28916,	2,	29,	4663106155,	4663106463,	4663110843,	4663116977,	4663116977,	4663117099,		4663314196,	4663314196,	4663319293,	4663319317,		
121,	29501,	2,	29,	4663172821,	4663173006,	4663175556,	4663179001,	4663179001,	4663179133,		4663379398,	4663379398,	4663384422,	4663384429,		
122,	29347,	2,	29,	4663239487,	4663240147,	4663243683,	4663249601,	4663249601,	4663250650,		4663447141,	4663447141,	4663449929,	4663449935,		
123,	29324,	2,	29,	4663306153,	4663306771,	4663310856,	4663316181,	4663316181,	4663316401,		4663514776,	4663514776,	4663516568,	4663516572,		
124,	29241,	2,	29,	4663372819,	4663373748,	4663377716,	4663384721,	4663384721,	4663384842,		4663581126,	4663581126,	4663586236,	4663586245,		
125,	29011,	2,	29,	4663439485,	4663439852,	4663442788,	4663448039,	4663448039,	4663448254,		4663646152,	4663646152,	4663650061,	4663650067,		
126,	28713,	2,	29,	4663506151,	4663507003,	4663510187,	4663513769,	4663513769,	4663513879,		4663714090,	4663714090,	4663718583,	4663718591,		
127,	28443,	2,	28,	4663572817,	4663573401,	4663579054,	4663585311,	4663585311,	4663585720,		4663782718,	4663782718,	4663786179,	4663786183,		
128,	28198,	2,	28,	4663639483,	4663639928,	4663643337,	4663649024,	4663649024,	4663649142,		4663846874,	4663846874,	4663848809,	4663848823,		
129,	27792,	2,	28,	4663706149,	4663706993,	4663713047,	4663718830,	4663718830,	4663718928,		4663916338,	4663916338,	4663919531,	4663919553,		
130,	27622,	2,	27,	4663772815,	4663773437,	4663777537,	4663782170,	4663782170,	4663782308,		4663981035,	4663981035,	4663984932,	4663984943,		
131,	27421,	2,	27,	4663839481,	4663840014,	4663843184,	4663846742,	4663846742,	4663846838,		4664046584,	4664046584,	4664050275,	4664050284,		
132,	27347,	2,	27,	4663906147,	4663906694,	4663910520,	4663917125,	4663917125,	4663917255,		4664113634,	4664113634,	4664117507,	4664117515,		
133,	27256,	2,	27,	4663972813,	4663973693,	4663976869,	4663981764,	4663981765,	4663981954,		4664180297,	4664180297,	4664183147,	4664183156,		
134,	27076,	2,	27,	4664039479,	4664040150,	4664045155,	4664049942,	4664049943,	4664050061,		4664248936,	4664248936,	4664251251,	4664251264,		
135,	26739,	2,	27,	4664106145,	4664106386,	4664109770,	4664114036,	4664114036,	4664114170,		4664313037,	4664313037,	4664318594,	4664318607,		
136,	26736,	2,	27,	4664172811,	4664173778,	4664176500,	4664179869,	4664179869,	4664180043,		4664379556,	4664379556,	4664383065,	4664383077,		
137,	26671,	2,	27,	4664239477,	4664239984,	4664245402,	4664248100,	4664248100,	4664248196,		4664448564,	4664448564,	4664452118,	4664452130,		
138,	26518,	2,	26,	4664306143,	4664306993,	4664309876,	4664316058,	4664316058,	4664316308,		4664513689,	4664513689,	4664517631,	4664517636,		
139,	26400,	2,	26,	4664372809,	4664373151,	4664378837,	4664383622,	4664383622,	4664383894,		4664582710,	4664582710,	4664586456,	4664586468,		
140,	26524,	2,	26,	4664439475,	4664439882,	4664443250,	4664449941,	4664449941,	4664450199,		4664647166,	4664647166,	4664651667,	4664651674,		
141,	26446,	2,	26,	4664506141,	4664506626,	4664509847,	4664515528,	4664515528,	4664515911,		4664713231,	4664713231,	4664716785,	4664716790,		
142,	26249,	2,	26,	4664572807,	4664573122,	4664577075,	4664584700,	4664584700,	4664585271,		4664780463,	4664780463,	4664783449,	4664783463,		
143,	26261,	2,	26,	4664639473,	4664639716,	4664643601,	4664650523,	4664650523,	4664650784,		4664846906,	4664846906,	4664849521,	4664849527,		
144,	26269,	2,	26,	4664706139,	4664706865,	4664711128,	4664715401,	4664715401,	4664715518,		4664915115,	4664915115,	4664919249,	4664919257,		
145,	26245,	2,	26,	4664772805,	4664773581,	4664777470,	4664782155,	4664782155,	4664782293,		4664981037,	4664981037,	4664984662,	4664984670,		
146,	26424,	2,	26,	4664839471,	4664839678,	4664841725,	4664845123,	4664845123,	4664845239,		4665044769,	4665044769,	4665047826,	4665047850,		
147,	26340,	2,	26,	4664906137,	4664906230,	4664910582,	4664915245,	4664915245,	4664915401,		4665113822,	4665113822,	4665120442,	4665120448,		
148,	26369,	2,	26,	4664972803,	4664973338,	4664976966,	4664982270,	4664982270,	4664982422,		4665180354,	4665180354,	4665185118,	4665185124,		
149,	26352,	2,	26,	4665039469,	4665040020,	4665043741,	4665047353,	4665047353,	4665047495,		4665247174,	4665247174,	4665253351,	4665253356,		
150,	26406,	2,	26,	4665106135,	4665106327,	4665109997,	4665118631,	4665118631,	4665118989,		4665313163,	4665313163,	4665319750,	4665319756,		
151,	26293,	2,	26,	4665172801,	4665173303,	4665177296,	4665184250,	4665184250,	4665184390,		4665380432,	4665380432,	4665382431,	4665382436,		
152,	26359,	2,	26,	4665239467,	4665239919,	4665245410,	4665252322,	4665252322,	4665252546,		4665448542,	4665448542,	4665454512,	4665454517,		
153,	26357,	2,	26,	4665306133,	4665307061,	4665310734,	4665317260,	4665317260,	4665317505,		4665514107,	4665514107,	4665517854,	4665517874,		
154,	26398,	2,	26,	4665372799,	4665373378,	4665378114,	4665382866,	4665382866,	4665382988,		4665581644,	4665581644,	4665585301,	4665585309,		
155,	26421,	2,	26,	4665439465,	4665440382,	4665443968,	4665448892,	4665448892,	4665449092,		4665647246,	4665647247,	4665654384,	4665654395,		
156,	26475,	2,	26,	4665506131,	4665507010,	4665509778,	4665514775,	4665514776,	4665514924,		4665713301,	4665713301,	4665715623,	4665715629,		
157,	26364,	2,	26,	4665572797,	4665573199,	4665577887,	4665583396,	4665583396,	4665584562,		4665781743,	4665781743,	4665783967,	4665783977,		
158,	26447,	2,	26,	4665639463,	4665639999,	4665643816,	4665648650,	4665648650,	4665648836,		4665847448,	4665847449,	4665849233,	4665849247,		
159,	26370,	2,	26,	4665706129,	4665706770,	4665711371,	4665714179,	4665714179,	4665714286,		4665914818,	4665914819,	4665917366,	4665917376,		
160,	26308,	2,	26,	4665772795,	4665773244,	4665774535,	4665776712,	4665776712,	4665776816,		4665977828,	4665977828,	4665981171,	4665981198,		
161,	26517,	2,	26,	4665839461,	4665840330,	4665841666,	4665843867,	4665843868,	4665844504,		4666045061,	4666045061,	4666048379,	4666048389,		
162,	26980,	2,	27,	4665906127,	4665906960,	4665909557,	4665912814,	4665912814,	4665912935,		4666113167,	4666113167,	4666117689,	4666117704,		
163,	28362,	2,	28,	4665972793,	4665973286,	4665976326,	4665980820,	4665980820,	4665980949,		4666179476,	4666179476,	4666184177,	4666184184,		
164,	30895,	2,	31,	4666039459,	4666039502,	4666042320,	4666046724,	4666046724,	4666046876,		4666246254,	4666246254,	4666249325,	4666249338,		
165,	33487,	2,	33,	4666106125,	4666107168,	4666111050,	4666116595,	4666116595,	4666116771,		4666314309,	4666314309,	4666318194,	4666318203,		
166,	33338,	2,	33,	4666172791,	4666173406,	4666176733,	4666183292,	4666183292,	4666183581,		4666380389,	4666380389,	4666383847,	4666383854,		
167,	33155,	2,	33,	4666239457,	4666240285,	4666246154,	4666250440,	4666250440,	4666250576,		4666449960,	4666449960,	4666456170,	4666456182,		
168,	34129,	2,	34,	4666306123,	4666307072,	4666310266,	4666315131,	4666315131,	4666315334,		4666513793,	4666513794,	4666515643,	4666515651,		
169,	33878,	2,	34,	4666372789,	4666373412,	4666374964,	4666377780,	4666377780,	4666377917,		4666578605,	4666578605,	4666582953,	4666582964,		
170,	33975,	2,	34,	4666439455,	4666440521,	4666444301,	4666450620,	4666450620,	4666451812,		4666647560,	4666647560,	4666651048,	4666651055,		
171,	34260,	2,	34,	4666506121,	4666506597,	4666511022,	4666515479,	4666515479,	4666515607,		4666715013,	4666715014,	4666717626,	4666717655,		
172,	34326,	2,	34,	4666572787,	4666573255,	4666575983,	4666580861,	4666580861,	4666581227,		4666779336,	4666779337,	4666784863,	4666784889,		
173,	34409,	2,	34,	4666639453,	4666640067,	4666642826,	4666648219,	4666648219,	4666648361,		4666846181,	4666846181,	4666852142,	4666852148,		
174,	34302,	2,	34,	4666706119,	4666706535,	4666708317,	4666711489,	4666711489,	4666711661,		4666911838,	4666911839,	4666918879,	4666918887,		
175,	34118,	2,	34,	4666772785,	4666773566,	4666776785,	4666784557,	4666784557,	4666784694,		4666980515,	4666980515,	4666986020,	4666986032,		
176,	33986,	2,	34,	4666839451,	4666839742,	4666842199,	4666848121,	4666848121,	4666848848,		4667045974,	4667045974,	4667048713,	4667048719,		
177,	33960,	2,	34,	4666906117,	4666906789,	4666911093,	4666916458,	4666916458,	4666916861,		4667114810,	4667114810,	4667119984,	4667120037,		
178,	34197,	2,	34,	4666972783,	4666973231,	4666977073,	4666984115,	4666984115,	4666984335,		4667180820,	4667180820,	4667184010,	4667184018,		
179,	34395,	2,	34,	4667039449,	4667039621,	4667042072,	4667045437,	4667045437,	4667045595,		4667246118,	4667246118,	4667249922,	4667249936,		
180,	34425,	2,	34,	4667106115,	4667107161,	4667111508,	4667117498,	4667117498,	4667117757,		4667314942,	4667314942,	4667318857,	4667318865,		
181,	34002,	2,	34,	4667172781,	4667172964,	4667175462,	4667180070,	4667180070,	4667180273,		4667378932,	4667378933,	4667382541,	4667382547,		
182,	33695,	2,	33,	4667239447,	4667240317,	4667245513,	4667250084,	4667250084,	4667250203,		4667449294,	4667449294,	4667452502,	4667452531,		
183,	31972,	2,	32,	4667306113,	4667306464,	4667310717,	4667314637,	4667314637,	4667314778,		4667514789,	4667514790,	4667518336,	4667518342,		
184,	29346,	2,	29,	4667372779,	4667373223,	4667375802,	4667380728,	4667380728,	4667380850,		4667579255,	4667579255,	4667584019,	4667584026,		
185,	27897,	2,	28,	4667439445,	4667440464,	4667444503,	4667449957,	4667449957,	4667450060,		4667647826,	4667647826,	4667650236,	4667650243,		
186,	26620,	2,	26,	4667506111,	4667506727,	4667511643,	4667517567,	4667517567,	4667517662,		4667714703,	4667714703,	4667717013,	4667717017,		
187,	26446,	2,	26,	4667572777,	4667573063,	4667579768,	4667583566,	4667583566,	4667583707,		4667783363,	4667783363,	4667786152,	4667786164,		
188,	26408,	2,	26,	4667639443,	4667640359,	4667644237,	4667649159,	4667649160,	4667649268,		4667847861,	4667847861,	4667851371,	4667851377,		
189,	26485,	2,	26,	4667706109,	4667706319,	4667708330,	4667711232,	4667711232,	4667711360,		4667911390,	4667911390,	4667915679,	4667915688,		
190,	26463,	2,	26,	4667772775,	4667773171,	4667777457,	4667782363,	4667782363,	4667782486,		4667980577,	4667980577,	4667984483,	4667984493,		
191,	26427,	2,	26,	4667839441,	4667840438,	4667843472,	4667848950,	4667848950,	4667849057,		4668047199,	4668047199,	4668050281,	4668050290,		
192,	26486,	2,	26,	4667906107,	4667906112,	4667909921,	4667915002,	4667915002,	4667915155,		4668113093,	4668113093,	4668116259,	4668116278,		
193,	26365,	2,	26,	4667972773,	4667973089,	4667975617,	4667980290,	4667980290,	4667980464,		4668179127,	4668179127,	4668182990,	4668182996,		
194,	26436,	2,	26,	4668039439,	4668040479,	4668042656,	4668046404,	4668046404,	4668046557,		4668245946,	4668245946,	4668251317,	4668251324,		
195,	26290,	2,	26,	4668106105,	4668106122,	4668109600,	4668114089,	4668114090,	4668114436,		4668313327,	4668313328,	4668318365,	4668318377,		
196,	26409,	2,	26,	4668172771,	4668173724,	4668176137,	4668181541,	4668181542,	4668181658,		4668379464,	4668379464,	4668382569,	4668382575,		
197,	26506,	2,	26,	4668239437,	4668240237,	4668244766,	4668251403,	4668251403,	4668251561,		4668448834,	4668448834,	4668451748,	4668451788,		
198,	26377,	2,	26,	4668306103,	4668307081,	4668311449,	4668318174,	4668318174,	4668318276,		4668515651,	4668515651,	4668519031,	4668519042,		
199,	26347,	2,	26,	4668372769,	4668373066,	4668375310,	4668379209,	4668379210,	4668379352,		4668578531,	4668578531,	4668581734,	4668581742,		
200,	26364,	2,	26,	4668439435,	4668439556,	4668442753,	4668449574,	4668449574,	4668450033,		4668646422,	4668646422,	4668649577,	4668649581,		
201,	26442,	2,	26,	4668506101,	4668506590,	4668510988,	4668515240,	4668515240,	4668515394,		4668714632,	4668714632,	4668717155,	4668717165,		
202,	26270,	2,	26,	4668572767,	4668573817,	4668578974,	4668582424,	4668582424,	4668582555,		4668782919,	4668782919,	4668786537,	4668786551,		
203,	26391,	2,	26,	4668639433,	4668640245,	4668643744,	4668648837,	4668648837,	4668648943,		4668847024,	4668847024,	4668849730,	4668849740,		
204,	26405,	2,	26,	4668706099,	4668707108,	4668708885,	4668711968,	4668711968,	4668712102,		4668912592,	4668912592,	4668914566,	4668914590,		
205,	26320,	2,	26,	4668772765,	4668773493,	4668778129,	4668783212,	4668783212,	4668783343,		4668981937,	4668981937,	4668988105,	4668988117,		
206,	26295,	2,	26,	4668839431,	4668839823,	4668843692,	4668848889,	4668848889,	4668849005,		4669046857,	4669046857,	4669049371,	4669049378,		
207,	26999,	2,	27,	4668906097,	4668906271,	4668910711,	4668914768,	4668914768,	4668914879,		4669114421,	4669114421,	4669117976,	4669117982,		
208,	28514,	2,	28,	4668972763,	4668973656,	4668977591,	4668984255,	4668984255,	4668984521,		4669180794,	4669180794,	4669184285,	4669184294,		
209,	29598,	2,	29,	4669039429,	4669040191,	4669042556,	4669045876,	4669045876,	4669046016,		4669246028,	4669246028,	4669247891,	4669247896,		
210,	31258,	2,	31,	4669106095,	4669107165,	4669110785,	4669115365,	4669115365,	4669115513,		4669313889,	4669313889,	4669318906,	4669318912,		
211,	30900,	2,	31,	4669172761,	4669173062,	4669174810,	4669179307,	4669179308,	4669179503,		4669377861,	4669377862,	4669383304,	4669383325,		
212,	30673,	2,	30,	4669239427,	4669240247,	4669245363,	4669248576,	4669248576,	4669248680,		4669449358,	4669449358,	4669455075,	4669455082,		
213,	31286,	2,	31,	4669306093,	4669307083,	4669310352,	4669317765,	4669317765,	4669318099,		4669514039,	4669514040,	4669518488,	4669518497,		
214,	31691,	2,	31,	4669372759,	4669372817,	4669375059,	4669381078,	4669381079,	4669381298,		4669578459,	4669578459,	4669581914,	4669581922,		
215,	31441,	2,	31,	4669439425,	4669440036,	4669443645,	4669450577,	4669450577,	4669450807,		4669647201,	4669647202,	4669650658,	4669650665,		
216,	31597,	2,	31,	4669506091,	4669506607,	4669510067,	4669517299,	4669517299,	4669517416,		4669713950,	4669713950,	4669716865,	4669716870,		
217,	30868,	2,	31,	4669572757,	4669573676,	4669579597,	4669582687,	4669582687,	4669582866,		4669782713,	4669782713,	4669787958,	4669787971,		
218,	30064,	2,	30,	4669639423,	4669639498,	4669643561,	4669649009,	4669649009,	4669649122,		4669847517,	4669847518,	4669853167,	4669853174,		
219,	27850,	2,	28,	4669706089,	4669706942,	4669708537,	4669711318,	4669711318,	4669711437,		4669912269,	4669912269,	4669914336,	4669914342,		
220,	26015,	2,	26,	4669772755,	4669772990,	4669776859,	4669785748,	4669785748,	4669785962,		4669980845,	4669980845,	4669983438,	4669983453,		
221,	26239,	2,	26,	4669839421,	4669840406,	4669844277,	4669852243,	4669852243,	4669852359,		4670048158,	4670048158,	4670052183,	4670052199,		
222,	26468,	2,	26,	4669906087,	4669906477,	4669910310,	4669912908,	4669912908,	4669913012,		4670113399,	4670113399,	4670117661,	4670117667,		
223,	26283,	2,	26,	4669972753,	4669973728,	4669976769,	4669981636,	4669981636,	4669981757,		4670180327,	4670180327,	4670183992,	4670183998,		
224,	26306,	2,	26,	4670039419,	4670040438,	4670043720,	4670050589,	4670050589,	4670050858,		4670246989,	4670246989,	4670248752,	4670248769,		
225,	26363,	2,	26,	4670106085,	4670106258,	4670112166,	4670116317,	4670116317,	4670116460,		4670315789,	4670315789,	4670318971,	4670318988,		
226,	26420,	2,	26,	4670172751,	4670172823,	4670177198,	4670183075,	4670183075,	4670183214,		4670381204,	4670381204,	4670383321,	4670383325,		
227,	26392,	2,	26,	4670239417,	4670239536,	4670244172,	4670246520,	4670246520,	4670246615,		4670448101,	4670448101,	4670453059,	4670453074,		
228,	26715,	2,	27,	4670306083,	4670306544,	4670310380,	4670316617,	4670316617,	4670316778,		4670513901,	4670513901,	4670516606,	4670516616,		
229,	26676,	2,	27,	4670372749,	4670373324,	4670375979,	4670379468,	4670379468,	4670379573,		4670579826,	4670579826,	4670581932,	4670581938,		
230,	26910,	2,	27,	4670439415,	4670440270,	4670444423,	4670450350,	4670450350,	4670450554,		4670647528,	4670647529,	4670653482,	4670653498,		
231,	26962,	2,	27,	4670506081,	4670506121,	4670508796,	4670512988,	4670512988,	4670513107,		4670712872,	4670712873,	4670716987,	4670716998,		
232,	27128,	2,	27,	4670572747,	4670573027,	4670575814,	4670578556,	4670578556,	4670578666,		4670778972,	4670778973,	4670785429,	4670785439,		
233,	27180,	2,	27,	4670639413,	4670640212,	4670644127,	4670651721,	4670651721,	4670651980,		4670847465,	4670847465,	4670851234,	4670851256,		
234,	27416,	2,	27,	4670706079,	4670706292,	4670708196,	4670711459,	4670711459,	4670711584,		4670911930,	4670911931,	4670915683,	4670915687,		
235,	27435,	2,	27,	4670772745,	4670773066,	4670776579,	4670783426,	4670783426,	4670783644,		4670980145,	4670980145,	4670987113,	4670987125,		
236,	27409,	2,	27,	4670839411,	4670839838,	4670843551,	4670848294,	4670848294,	4670848475,		4671046796,	4671046796,	4671050755,	4671050761,		
237,	27374,	2,	27,	4670906077,	4670906167,	4670909298,	4670913468,	4670913468,	4670913618,		4671113260,	4671113260,	4671121001,	4671121019,		
238,	27410,	2,	27,	4670972743,	4670973687,	4670977641,	4670985949,	4670985950,	4670986196,		4671181573,	4671181573,	4671187379,	4671187401,		
239,	27468,	2,	27,	4671039409,	4671039768,	4671043060,	4671049623,	4671049623,	4671049845,		4671246804,	4671246804,	4671253391,	4671253404,		
240,	27343,	2,	27,	4671106075,	4671106832,	4671110045,	4671115892,	4671115892,	4671116052,		4671313833,	4671313834,	4671320819,	4671320855,		
241,	27532,	2,	27,	4671172741,	4671173670,	4671177326,	4671183935,	4671183935,	4671184212,		4671380679,	4671380679,	4671384188,	4671384195,		
242,	27551,	2,	27,	4671239407,	4671239415,	4671243428,	4671252192,	4671252192,	4671252318,		4671447195,	4671447195,	4671449685,	4671449689,		
243,	27548,	2,	27,	4671306073,	4671306996,	4671311162,	4671320171,	4671320171,	4671320725,		4671514598,	4671514598,	4671518204,	4671518229,		
244,	27353,	2,	27,	4671372739,	4671373114,	4671375330,	4671379238,	4671379238,	4671379383,		4671578902,	4671578902,	4671582471,	4671582476,		
245,	27420,	2,	27,	4671439405,	4671440352,	4671442213,	4671444475,	4671444475,	4671444564,		4671646234,	4671646234,	4671650931,	4671650942,		
246,	27560,	2,	27,	4671506071,	4671506946,	4671511260,	4671515729,	4671515729,	4671515886,		4671714676,	4671714676,	4671716739,	4671716743,		
247,	27503,	2,	27,	4671572737,	4671573150,	4671576808,	4671581993,	4671581993,	4671582108,		4671780461,	4671780461,	4671784894,	4671784901,		
248,	27384,	2,	27,	4671639403,	4671639623,	4671642641,	4671648424,	4671648424,	4671648620,		4671846479,	4671846480,	4671849666,	4671849671,		
249,	27488,	2,	27,	4671706069,	4671706596,	4671709959,	4671713135,	4671713135,	4671713228,		4671913207,	4671913207,	4671917190,	4671917196,		
250,	27329,	2,	27,	4671772735,	4671773656,	4671778579,	4671784415,	4671784415,	4671784521,		4671982221,	4671982221,	4671988126,	4671988145,		
251,	27502,	2,	27,	4671839401,	4671839959,	4671843797,	4671848949,	4671848949,	4671849056,		4672047466,	4672047466,	4672051238,	4672051248,		
252,	27444,	2,	27,	4671906067,	4671906264,	4671909028,	4671913603,	4671913603,	4671913790,		4672112978,	4672112978,	4672116709,	4672117140,		
253,	27403,	2,	27,	4671972733,	4671973362,	4671978189,	4671985910,	4671985910,	4671986143,		4672182180,	4672182180,	4672183947,	4672183961,		
254,	27514,	2,	27,	4672039399,	4672039682,	4672042796,	4672047965,	4672047965,	4672048133,		4672246141,	4672246141,	4672248649,	4672248653,		
255,	27438,	2,	27,	4672106065,	4672106901,	4672112620,	4672116610,	4672116610,	4672116722,		4672315692,	4672315692,	4672320012,	4672320027,		
256,	27399,	2,	27,	4672172731,	4672173047,	4672176616,	4672181202,	4672181202,	4672181302,		4672380391,	4672380391,	4672383426,	4672383447,		
257,	27388,	2,	27,	4672239397,	4672239873,	4672242992,	4672246727,	4672246727,	4672246983,		4672446804,	4672446804,	4672449910,	4672449917,		
258,	27297,	2,	27,	4672306063,	4672307011,	4672311194,	4672316591,	4672316591,	4672316763,		4672514284,	4672514284,	4672517970,	4672517982,		
259,	27496,	2,	27,	4672372729,	4672373295,	4672377320,	4672382236,	4672382236,	4672382358,		4672580725,	4672580725,	4672584149,	4672584160,		
260,	27403,	2,	27,	4672439395,	4672439551,	4672442584,	4672446950,	4672446951,	4672447080,		4672645629,	4672645629,	4672649550,	4672649561,		
261,	27317,	2,	27,	4672506061,	4672506948,	4672509900,	4672514164,	4672514164,	4672514321,		4672713971,	4672713971,	4672718547,	4672718559,		
262,	27347,	2,	27,	4672572727,	4672572842,	4672575562,	4672579324,	4672579324,	4672579478,		4672779501,	4672779501,	4672781642,	4672781647,		
263,	27235,	2,	27,	4672639393,	4672640090,	4672643403,	4672648227,	4672648227,	4672648431,		4672846763,	4672846763,	4672850626,	4672850638,		
264,	27467,	2,	27,	4672706059,	4672706197,	4672709622,	4672714340,	4672714341,	4672714524,		4672912957,	4672912957,	4672918161,	4672918177,		
265,	27305,	2,	27,	4672772725,	4672772860,	4672778118,	4672781160,	4672781160,	4672781254,		4672981889,	4672981889,	4672984465,	4672984475,		
266,	27344,	2,	27,	4672839391,	4672839587,	4672844090,	4672849304,	4672849304,	4672849415,		4673047861,	4673047861,	4673051711,	4673051717,		
267,	27407,	2,	27,	4672906057,	4672906655,	4672908590,	4672911914,	4672911914,	4672912048,		4673111923,	4673111923,	4673114160,	4673114166,		
268,	27233,	2,	27,	4672972723,	4672972793,	4672979201,	4672982512,	4672982512,	4672983152,		4673182264,	4673182264,	4673186110,	4673186119,		
269,	27331,	2,	27,	4673039389,	4673039532,	4673043352,	4673050218,	4673050219,	4673050486,		4673247319,	4673247320,	4673250140,	4673250151,		
270,	27309,	2,	27,	4673106055,	4673107051,	4673109940,	4673112397,	4673112397,	4673112813,		4673313578,	4673313578,	4673319172,	4673319191,		
271,	27320,	2,	27,	4673172721,	4673173727,	4673178518,	4673185292,	4673185292,	4673185413,		4673381915,	4673381915,	4673383772,	4673383779,		
272,	27325,	2,	27,	4673239387,	4673239936,	4673241709,	4673244715,	4673244715,	4673244847,		4673445694,	4673445694,	4673448084,	4673448096,		
273,	27293,	2,	27,	4673306053,	4673307116,	4673312756,	4673317720,	4673317720,	4673318004,		4673516811,	4673516811,	4673520496,	4673520502,		
274,	27395,	2,	27,	4673372719,	4673372962,	4673377370,	4673381652,	4673381652,	4673381753,		4673581274,	4673581275,	4673585317,	4673585321,		
275,	27394,	2,	27,	4673439385,	4673440108,	4673444540,	4673447452,	4673447452,	4673447565,		4673647738,	4673647739,	4673651762,	4673651780,		
276,	27242,	2,	27,	4673506051,	4673506081,	4673509521,	4673513828,	4673513828,	4673513981,		4673712730,	4673712730,	4673716023,	4673716030,		
277,	27256,	2,	27,	4673572717,	4673572738,	4673575026,	4673579013,	4673579013,	4673579151,		4673778588,	4673778588,	4673782426,	4673782432,		
278,	27336,	2,	27,	4673639383,	4673640469,	4673646446,	4673651983,	4673651983,	4673652182,		4673850011,	4673850011,	4673852245,	4673852255,		
279,	27316,	2,	27,	4673706049,	4673706170,	4673709821,	4673714668,	4673714668,	4673714797,		4673913372,	4673913372,	4673916842,	4673916846,		
280,	27438,	2,	27,	4673772715,	4673773277,	4673777566,	4673782457,	4673782457,	4673782557,		4673981354,	4673981355,	4673986303,	4673986309,		
281,	27491,	2,	27,	4673839381,	4673839652,	4673844072,	4673849330,	4673849330,	4673849437,		4674047405,	4674047405,	4674050927,	4674050934,		
282,	27377,	2,	27,	4673906047,	4673906380,	4673908984,	4673913396,	4673913397,	4673913580,		4674112808,	4674112808,	4674115588,	4674115597,		
283,	27434,	2,	27,	4673972713,	4673973318,	4673979871,	4673985692,	4673985693,	4673985798,		4674183610,	4674183610,	4674188587,	4674188596,		
284,	27370,	2,	27,	4674039379,	4674040238,	4674044162,	4674047748,	4674047748,	4674047898,		4674247817,	4674247817,	4674250413,	4674250421,		
285,	27398,	2,	27,	4674106045,	4674106849,	4674110753,	4674114560,	4674114560,	4674114709,		4674314848,	4674314849,	4674317168,	4674317174,		
286,	27510,	2,	27,	4674172711,	4674173315,	4674177792,	4674185481,	4674185481,	4674185774,		4674381408,	4674381408,	4674385685,	4674385693,		
287,	27487,	2,	27,	4674239377,	4674239945,	4674241421,	4674243550,	4674243550,	4674243682,		4674445283,	4674445283,	4674447877,	4674447891,		
288,	27296,	2,	27,	4674306043,	4674306561,	4674308590,	4674312111,	4674312111,	4674312269,		4674512427,	4674512427,	4674517024,	4674517036,		
289,	27453,	2,	27,	4674372709,	4674372812,	4674375220,	4674379627,	4674379627,	4674379774,		4674578289,	4674578289,	4674584384,	4674584401,		
290,	27348,	2,	27,	4674439375,	4674439389,	4674445386,	4674448233,	4674448233,	4674448334,		4674649454,	4674649454,	4674653005,	4674653009,		
291,	27218,	2,	27,	4674506041,	4674506558,	4674510131,	4674515645,	4674515645,	4674515874,		4674713473,	4674713473,	4674718980,	4674718989,		
292,	27277,	2,	27,	4674572707,	4674573231,	4674575357,	4674579559,	4674579559,	4674579723,		4674779456,	4674779456,	4674782390,	4674782400,		
293,	27213,	2,	27,	4674639373,	4674640183,	4674644489,	4674652245,	4674652245,	4674652470,		4674848100,	4674848100,	4674849995,	4674850001,		
294,	27225,	2,	27,	4674706039,	4674706806,	4674710732,	4674716381,	4674716381,	4674716708,		4674914633,	4674914633,	4674917251,	4674917259,		
295,	27172,	2,	27,	4674772705,	4674773705,	4674778916,	4674783212,	4674783213,	4674783485,		4674982974,	4674982974,	4674986427,	4674986432,		
296,	27010,	2,	27,	4674839371,	4674839907,	4674845495,	4674848956,	4674848956,	4674849051,		4675048575,	4675048575,	4675053221,	4675053231,		
297,	27013,	2,	27,	4674906037,	4674906751,	4674909043,	4674913025,	4674913025,	4674913167,		4675112283,	4675112283,	4675115447,	4675115472,		
298,	26963,	2,	27,	4674972703,	4674972970,	4674977051,	4674984295,	4674984296,	4674985742,		4675180594,	4675180594,	4675182941,	4675182961,		
299,	26874,	2,	27,	4675039369,	4675040061,	4675043738,	4675047882,	4675047882,	4675048059,		4675247142,	4675247142,	4675250360,	4675250367,		
300,	26859,	2,	27,	4675106035,	4675106571,	4675111825,	4675115668,	4675115668,	4675115776,		4675315139,	4675315140,	4675319184,	4675319205,		
301,	27047,	2,	27,	4675172701,	4675172822,	4675176139,	4675181272,	4675181272,	4675181384,		4675380128,	4675380128,	4675383979,	4675383990,		
302,	27078,	2,	27,	4675239367,	4675240398,	4675242808,	4675247417,	4675247417,	4675249021,		4675446651,	4675446651,	4675449470,	4675449503,		
303,	27074,	2,	27,	4675306033,	4675306895,	4675312790,	4675318759,	4675318759,	4675318955,		4675516369,	4675516369,	4675520291,	4675520309,		
304,	27277,	2,	27,	4675372699,	4675373528,	4675377506,	4675383133,	4675383133,	4675383266,		4675581375,	4675581375,	4675585229,	4675585234,		
305,	27273,	2,	27,	4675439365,	4675439812,	4675444661,	4675447792,	4675447792,	4675447934,		4675648037,	4675648037,	4675652786,	4675652793,		
306,	27412,	2,	27,	4675506031,	4675506738,	4675509982,	4675514948,	4675514949,	4675515107,		4675713910,	4675713910,	4675717358,	4675717366,		
307,	27426,	2,	27,	4675572697,	4675573056,	4675575737,	4675581467,	4675581467,	4675581787,		4675779365,	4675779366,	4675782351,	4675782358,		
308,	27582,	2,	27,	4675639363,	4675640371,	4675644897,	4675651190,	4675651190,	4675651709,		4675848392,	4675848392,	4675852876,	4675852888,		
309,	27699,	2,	28,	4675706029,	4675706119,	4675710205,	4675715022,	4675715022,	4675715178,		4675914294,	4675914294,	4675916228,	4675916233,		
310,	27661,	2,	28,	4675772695,	4675773515,	4675776778,	4675780187,	4675780187,	4675780324,		4675980556,	4675980556,	4675985602,	4675985613,		
311,	27506,	2,	27,	4675839361,	4675840204,	4675843673,	4675848239,	4675848239,	4675848405,		4676047403,	4676047404,	4676051670,	4676051676,		
312,	27417,	2,	27,	4675906027,	4675906560,	4675908056,	4675910259,	4675910259,	4675910356,		4676111222,	4676111223,	4676113712,	4676113731,		
313,	27145,	2,	27,	4675972693,	4675973267,	4675979180,	4675986083,	4675986083,	4675986369,		4676182896,	4676182896,	4676185575,	4676185581,		
314,	26972,	2,	27,	4676039359,	4676039727,	4676043638,	4676050462,	4676050462,	4676050712,		4676247271,	4676247271,	4676249625,	4676249629,		
315,	27022,	2,	27,	4676106025,	4676106283,	4676109436,	4676112749,	4676112750,	4676112865,		4676312854,	4676312854,	4676315636,	4676315726,		
316,	26908,	2,	27,	4676172691,	4676173079,	4676176311,	4676180948,	4676180948,	4676181058,		4676380022,	4676380022,	4676383848,	4676383863,		
317,	27039,	2,	27,	4676239357,	4676240247,	4676244394,	4676249096,	4676249096,	4676249187,		4676447638,	4676447638,	4676451080,	4676451095,		
318,	26965,	2,	27,	4676306023,	4676306244,	4676312017,	4676315000,	4676315000,	4676315627,		4676515205,	4676515205,	4676519265,	4676519280,		
319,	26845,	2,	27,	4676372689,	4676373098,	4676375858,	4676380481,	4676380481,	4676380618,		4676579959,	4676579960,	4676587264,	4676587276,		
320,	26865,	2,	27,	4676439355,	4676440302,	4676444438,	4676447961,	4676447961,	4676448115,		4676647673,	4676647673,	4676653702,	4676653713,		
321,	26963,	2,	27,	4676506021,	4676506653,	4676510587,	4676514703,	4676514703,	4676514847,		4676714512,	4676714512,	4676718195,	4676718204,		
322,	26954,	2,	27,	4676572687,	4676573632,	4676576908,	4676584634,	4676584634,	4676584819,		4676780322,	4676780322,	4676785049,	4676785066,		
323,	26921,	2,	27,	4676639353,	4676640186,	4676643786,	4676650835,	4676650835,	4676651039,		4676847233,	4676847233,	4676853843,	4676853938,		
324,	26885,	2,	27,	4676706019,	4676706772,	4676709960,	4676713920,	4676713920,	4676714045,		4676913698,	4676913698,	4676916780,	4676916786,		
325,	26817,	2,	27,	4676772685,	4676772889,	4676776515,	4676780391,	4676780391,	4676780546,		4676980038,	4676980038,	4676984065,	4676984078,		
326,	26796,	2,	27,	4676839351,	4676840386,	4676843349,	4676849553,	4676849553,	4676850245,		4677047198,	4677047198,	4677050214,	4677050223,		
327,	26813,	2,	27,	4676906017,	4676906533,	4676908823,	4676912773,	4676912773,	4676912929,		4677111933,	4677111933,	4677116123,	4677116155,		
328,	26788,	2,	27,	4676972683,	4676972861,	4676979303,	4676982489,	4676982489,	4676982875,		4677183258,	4677183259,	4677186605,	4677186619,		
329,	26896,	2,	27,	4677039349,	4677039453,	4677047167,	4677051982,	4677051982,	4677052125,		4677250715,	4677250715,	4677256097,	4677256114,		
330,	26709,	2,	27,	4677106015,	4677106495,	4677110196,	4677115460,	4677115461,	4677115663,		4677313670,	4677313670,	4677317548,	4677317554,		
331,	26688,	2,	27,	4677172681,	4677173026,	4677177369,	4677181802,	4677181802,	4677181911,		4677380686,	4677380686,	4677387307,	4677387333,		
332,	26732,	2,	27,	4677239347,	4677240029,	4677243454,	4677248541,	4677248541,	4677248733,		4677447149,	4677447149,	4677449799,	4677449806,		
333,	26763,	2,	27,	4677306013,	4677306213,	4677309477,	4677316141,	4677316141,	4677316264,		4677513125,	4677513125,	4677515817,	4677515829,		
334,	26553,	2,	26,	4677372679,	4677373225,	4677376236,	4677381751,	4677381751,	4677381961,		4677579917,	4677579917,	4677586728,	4677586734,		
335,	27696,	2,	28,	4677439345,	4677439684,	4677441638,	4677445021,	4677445021,	4677445157,		4677645263,	4677645263,	4677649581,	4677649593,		
336,	29108,	2,	29,	4677506011,	4677506221,	4677510622,	4677514666,	4677514667,	4677514794,		4677714298,	4677714298,	4677718165,	4677718179,		
337,	31488,	2,	31,	4677572677,	4677573247,	4677577326,	4677583710,	4677583710,	4677583990,		4677780908,	4677780908,	4677783374,	4677783390,		
338,	31636,	2,	31,	4677639343,	4677640305,	4677644379,	4677650181,	4677650182,	4677650395,		4677847701,	4677847701,	4677852332,	4677852348,		
339,	31463,	2,	31,	4677706009,	4677706446,	4677709409,	4677713573,	4677713573,	4677713716,		4677913314,	4677913314,	4677916246,	4677916259,		
340,	31472,	2,	31,	4677772675,	4677772880,	4677774833,	4677778377,	4677778378,	4677778525,		4677978552,	4677978552,	4677982022,	4677982027,		
341,	32077,	2,	32,	4677839341,	4677840245,	4677845236,	4677850515,	4677850515,	4677850845,		4678049178,	4678049178,	4678051779,	4678051792,		
342,	32371,	2,	32,	4677906007,	4677906597,	4677910394,	4677914702,	4677914702,	4677914871,		4678113933,	4678113933,	4678118060,	4678118078,		
343,	32248,	2,	32,	4677972673,	4677972937,	4677975167,	4677979650,	4677979650,	4677979819,		4678178664,	4678178665,	4678181975,	4678181982,		
344,	32238,	2,	32,	4678039339,	4678040145,	4678042081,	4678045543,	4678045543,	4678045685,		4678245934,	4678245934,	4678247831,	4678247834,		
345,	32349,	2,	32,	4678106005,	4678106616,	4678110429,	4678116883,	4678116883,	4678117016,		4678313835,	4678313835,	4678316202,	4678316212,		
346,	32422,	2,	32,	4678172671,	4678173180,	4678177763,	4678182696,	4678182696,	4678182832,		4678381547,	4678381548,	4678385663,	4678385673,		
347,	32287,	2,	32,	4678239337,	4678239686,	4678241622,	4678245156,	4678245156,	4678245315,		4678445489,	4678445489,	4678450671,	4678450676,		
348,	32300,	2,	32,	4678306003,	4678306591,	4678311851,	4678314926,	4678314926,	4678315087,		4678515256,	4678515256,	4678522992,	4678523009,		
349,	31599,	2,	31,	4678372669,	4678373655,	4678377604,	4678384311,	4678384311,	4678384447,		4678581452,	4678581452,	4678583388,	4678583401,		
350,	30531,	2,	30,	4678439335,	4678440155,	4678442714,	4678448447,	4678448447,	4678450159,		4678646169,	4678646169,	4678650055,	4678650066,		
351,	28534,	2,	28,	4678506001,	4678506769,	4678510349,	4678520312,	4678520312,	4678520490,		4678713676,	4678713676,	4678717847,	4678717855,		
352,	26819,	2,	27,	4678572667,	4678572746,	4678576486,	4678581085,	4678581085,	4678581196,		4678780640,	4678780640,	4678785930,	4678785944,		
353,	26616,	2,	26,	4678639333,	4678640172,	4678644517,	4678649551,	4678649551,	4678649688,		4678848595,	4678848595,	4678854498,	4678854525,		
354,	26684,	2,	27,	4678705999,	4678706333,	4678710353,	4678715461,	4678715461,	4678715618,		4678913985,	4678913985,	4678915707,	4678915719,		
355,	26700,	2,	27,	4678772665,	4678772810,	4678775641,	4678780041,	4678780041,	4678780268,		4678979194,	4678979194,	4678982157,	4678982164,		
356,	26585,	2,	26,	4678839331,	4678840289,	4678844251,	4678850858,	4678850858,	4678851091,		4679048025,	4679048025,	4679053457,	4679053471,		
357,	26676,	2,	27,	4678905997,	4678906592,	4678910175,	4678913516,	4678913516,	4678913615,		4679114191,	4679114192,	4679120210,	4679120216,		
358,	26636,	2,	27,	4678972663,	4678972867,	4678978110,	4678981742,	4678981742,	4678981878,		4679182250,	4679182250,	4679186311,	4679186319,		
359,	26719,	2,	27,	4679039329,	4679039547,	4679043721,	4679051181,	4679051181,	4679051491,		4679247689,	4679247689,	4679249918,	4679249922,		
360,	26888,	2,	27,	4679105995,	4679106829,	4679109446,	4679114249,	4679114249,	4679114499,		4679312802,	4679312802,	4679315061,	4679315064,		
361,	26841,	2,	27,	4679172661,	4679173087,	4679177498,	4679181963,	4679181963,	4679182080,		4679381152,	4679381152,	4679385785,	4679385807,		
362,	26768,	2,	27,	4679239327,	4679239649,	4679242377,	4679247071,	4679247071,	4679247257,		4679445848,	4679445849,	4679447987,	4679447997,		
363,	26866,	2,	27,	4679305993,	4679306361,	4679308456,	4679312304,	4679312304,	4679312455,		4679512168,	4679512168,	4679515666,	4679515716,		
364,	26851,	2,	27,	4679372659,	4679373652,	4679377497,	4679384576,	4679384576,	4679384693,		4679581499,	4679581499,	4679585148,	4679585154,		
365,	26709,	2,	27,	4679439325,	4679440303,	4679444739,	4679448298,	4679448298,	4679448410,		4679648079,	4679648079,	4679649834,	4679649839,		
366,	26689,	1,	27,	4679505991,	4679506422,	4679512086,	4679516465,	4679516465,	4679516747,		0,	0,	0,	0,		
367,	26735,	1,	27,	4679572657,	4679573652,	4679577154,	4679581538,	4679581538,	4679581664,		0,	0,	0,	0,		
368,	26762,	1,	27,	4679639323,	4679639386,	4679643358,	4679647072,	4679647072,	4679647198,		0,	0,	0,	0,		
369,	26794,	1,	27,	4679705989,	4679707051,	4679711415,	4679717654,	4679717654,	4679717762,		0,	0,	0,	0,		
370,	26736,	1,	27,	4679772655,	4679772909,	4679774777,	4679777863,	4679777864,	4679778018,		0,	0,	0,	0,		
371,	26748,	1,	27,	4679839321,	4679839632,	4679843605,	4679846858,	4679846858,	4679847024,		0,	0,	0,	0,		
372,	26735,	1,	27,	4679905987,	4679906994,	4679909893,	4679914459,	4679914460,	4679914728,		0,	0,	0,	0,		
373,	26939,	1,	27,	4679972653,	4679973316,	4679976539,	4679982191,	4679982191,	4679982441,		0,	0,	0,	0,		
374,	26867,	1,	27,	4680039319,	4680040200,	4680044082,	4680052462,	4680052462,	4680052579,		0,	0,	0,	0,		
375,	26827,	1,	27,	4680105985,	4680106254,	4680110212,	4680116579,	4680116579,	4680116700,		0,	0,	0,	0,		
376,	26943,	1,	27,	4680172651,	4680173536,	4680174910,	4680177171,	4680177171,	4680177335,		0,	0,	0,	0,		
